accession,control_log2,infected_log2
A0A0R0EK76,18.789615433791813,20.468337884345853
A0A0R0EQP6,18.175673525017263,16.641362044060358
A0A0R0EYN3,16.79960953932653,19.408273400698786
A0A0R0F029,15.118091466858687,19.126416959924875
A0A0R0FLG8,20.453871443324783,22.493791409622286
A0A0R0FVK4,18.633867958277417,20.429346713106895
A0A0R0FXY0,19.35276355881837,21.414176096600254
A0A0R0GWL6,16.27695271520668,19.196172477452933
A0A0R0GWM0,25.098182588693646,23.943858458115574
A0A0R0HLQ4,18.20989495754328,16.353643333100635
A0A0R0I2M6,22.826276736320327,24.499702118224533
A0A0R0IKE9,18.2266460613558,15.418716701288893
A0A0R0ITT2,16.653175940237546,15.911401994210623
A0A0R0IYH3,18.42116710348517,20.569545040375907
A0A0R0KHF0,22.73749682754077,24.254160037383354
A0A0R0KLM2,18.136535227097866,19.99630474480909
A0A0R0KM06,20.386381045195247,19.115948112735754
A0A0R0LGP0,17.48355535780844,18.700707415388703
A0A0R4J2V8,19.851126678034056,21.27437117731138
A0A0R4J530,19.91960042674003,21.600657217564915
A0A0R4J564,17.185219264691643,14.850869352968143
A0A0R4J5E9,22.577563252192153,24.203137392291566
A0A0R4J5Q8,20.467040181964013,18.621706826059924
A0A368UIN5,15.457890761277701,18.24762206285362
C6SVZ6,21.836064532982235,19.702270301149937
C6SY46,19.32459005382797,23.201203664658212
C6SYB8,20.29315687453787,22.170571217577127
C6T1N0,19.449430025313106,23.069346897391576
C6T2D3,16.731723325195954,19.431899053590794
C6T2R0,16.841670076778083,21.64789816741827
C6T586,23.444890731820138,25.42844497776484
C6T699,20.986286098839138,18.918298924523597
C6TCR7,15.489258797551098,17.232907451518404
C6TED1,22.19464204580469,20.414130139613498
C7S8B7,20.00945470040798,21.6814791406882
C7S8D5,20.85306053593191,21.770360174660492
I1J7J5,19.766213210112667,21.21750458816022
I1J7M4,18.70516213880636,22.01681180604446
I1J8K1,15.6810432436976,23.250444350898583
I1JCB6,16.897158220142664,22.869008769308124
I1JFJ9,16.389600276222684,18.45074320279316
I1JKZ8,22.06599284564011,23.724632019731708
I1JKZ9,18.770893760455607,20.59519830670101
I1JW44,19.712534952862885,18.16830639265519
I1K0V7,15.781392531193532,19.79515462268396
I1K2W8,18.9629583030244,23.005924827962946
I1K3V0,16.93278205928206,18.20652395720753
I1K4K1,17.88792681138974,19.004007153389598
I1K6M2,16.072090288284475,17.304960563547947
I1KHC9,18.668509486656927,19.86414097485678
I1KIT0,17.35051944616414,20.269707653975804
I1KJJ6,20.64707509388176,22.056750413682256
I1KJR7,18.639806516669857,20.774396252981493
I1KM30,15.475022736483618,16.931332730273294
I1KR53,22.118642666910763,20.484009241315356
I1KRB6,17.375334927229176,23.417914135121354
I1KW54,18.926376396003096,23.255349903959658
I1KW58,16.614504817803937,18.679685935134422
I1KXK7,16.690382180633605,18.920335215886247
I1KYW5,20.735610429306444,23.0739407080295
I1KYX0,15.26569157348381,17.05749930654821
I1L1B0,16.105060117392245,18.50460977742356
I1L1I7,18.919148475892698,23.865664154880378
I1L9A9,15.214950355665328,17.38819601082917
I1LAF3,14.052211977861619,19.456393194092072
I1LIL5,14.71954925756695,18.987395966896845
I1LLG3,22.15903221797107,21.017638031817224
I1LT62,17.642014916039304,19.806812090917525
I1LU76,21.82949013275703,25.232286746593637
I1LVB0,20.555383274542454,22.022423182629254
I1LVB1,18.1437142159264,20.19298618112472
I1LVZ8,16.26071916325951,19.27032669145892
I1M2X3,14.96889715347069,15.877167823676126
I1M2Y6,18.822311248406095,20.256464612835543
I1M307,22.009595644271116,24.390914281696194
I1M587,15.1063978186658,17.681320876631194
I1ME53,16.416798462694846,21.94442852459114
I1ME54,16.414243141064933,20.773286189613078
I1MG66,20.261130664953228,19.180476535544575
I1MG80,20.231399914727962,23.34123338127064
I1MI59,22.570476465580068,25.214447232143563
I1MJE9,16.640400225238498,18.77532054505776
I1MKD9,17.97700992815247,21.41075438304745
I1MMH6,19.083014447383768,16.835916986496308
I1MN82,19.021212741437676,20.878975533389784
I1MNL7,15.437177570252576,16.990969720775258
I1MP38,19.712279319899324,24.788994162169722
I1MV71,19.19641550007191,22.37883552336315
I1MWS6,20.166444028419978,25.529630241925535
I1MXP2,19.71851306445722,17.604182637879553
I1NCA0,18.950192643613132,21.41239329258537
I1NH45,17.81481769164614,21.30625507973261
K7LI90,17.689067374186237,18.873004196411234
K7MTB4,17.76410845375847,15.55847444457503
Q03773,24.628042829278105,22.57054578117903
A0A0R0E4P4,22.07905950980524,24.67031569884556
A0A0R0EB56,16.466431954007238,15.025361559021036
A0A0R0EY71,17.40056450934443,15.141324676785773
A0A0R0FJI5,16.45806262948598,17.608690399648616
A0A0R0FQA7,12.956674145996214,19.295502691985565
A0A0R0GRC9,19.085457059077637,21.10898138566362
A0A0R0GV25,15.334610372204203,18.624549008049083
A0A0R0HF31,21.141889680262878,20.321055878954432
A0A0R0HSV1,21.634576828531763,20.91046961332414
A0A0R0IAF2,20.623210908238384,19.196660321640486
A0A0R0IAH0,22.137144641569954,20.7906058496891
A0A0R0ICA1,14.653050460415342,18.21375127282916
A0A0R0J475,17.733853453954715,19.722176393173886
A0A0R0JEI9,17.656509681576477,16.34901813186932
A0A0R0JIT8,15.9817472327812,17.478491567031888
A0A0R0K6A7,21.24948279273806,20.43089606419693
A0A0R0K6W2,20.540709932282926,22.282810790422133
A0A0R0KSS1,20.54727882706125,19.61558759261507
A0A0R0L0W8,19.45469836774687,18.523889630786556
A0A0R4J2L9,23.334365523172934,22.052915905335432
A0A0R4J2U8,21.48265846215812,21.126743794535468
A0A0R4J326,17.702268179195347,16.783509260774927
A0A0R4J384,22.568507793176824,21.784002536317278
A0A0R4J410,16.256480938308176,14.484993488660962
A0A0R4J4D6,23.249451495066182,22.180240499847294
A0A0R4J532,22.432388793042936,21.37927593979597
A0A0R4J5A5,24.31432588056206,23.41052196525838
A0A0R4J5Y4,19.744746110691533,17.90222803063643
A0A0R4J626,20.074084966760093,18.916911482021256
A5JVZ7,19.56693848944702,21.624705891573527
A7XZJ7,21.733956699760217,20.56995660393077
A8C8H5,20.245969743549722,19.228298163305222
B2BF98,17.06053493904264,15.325474385655886
C3UZD5,19.288354135995366,15.831184251368338
C6SVF6,20.31034490196464,18.964915390697666
C6SVR2,21.507490814274345,18.96869070094277
C6SVR8,20.90205177583931,20.34342603818842
C6SWL3,16.030040503312012,17.192138205484163
C6SWX2,21.51078527062027,17.0010025154005
C6SXA6,18.76498721664123,17.457706699445577
C6SYE7,17.53154984420189,16.355361689887047
C6T336,18.37210408388077,17.509709827673944
C6T763,14.731497637184324,16.22708220302187
C6T827,18.00076613546509,16.99234500583172
C6T968,19.465613799043894,18.878578907209224
C6TBN2,21.898439016818866,21.189374435632217
C6TBP8,18.134365450053625,16.829420309054402
C6TCN5,17.261650017190973,20.483835378413367
C6TJ91,18.62026497379435,17.950969498433444
C6TJG0,20.19263378615669,19.313196862444585
G3E7M9,18.67849925329834,23.12874413626832
I1J4W3,16.886507345762094,18.711240194052056
I1JAV9,18.7759848569236,21.2037924548065
I1JE17,17.138342267938008,19.340232176412535
I1JEI0,19.04605086002644,18.119280182983335
I1JEL6,17.53033011342893,17.020496162736915
I1JF43,17.643070413420997,19.93791291284652
I1JQX3,18.894385149752054,17.249124303398
I1JSY1,18.117225294593467,17.322629648469338
I1JT75,21.208965786259423,19.005978037258473
I1JTB8,20.807186361074553,20.562156233830137
I1JUQ0,20.42963305815178,17.623958023997666
I1JXS8,16.716031237329222,18.521292423839604
I1JYA9,18.29800460509554,20.298210677822325
I1K0L7,17.951456338487127,20.018654411251067
I1K0W4,15.066589413408442,20.60755805466155
I1K3M8,17.888305269022162,19.41344762224184
I1K467,18.528357743481873,20.3804708970787
I1K4Q5,19.715677029710978,17.121795377186146
I1K5I3,16.09441604457227,20.246242940749365
I1K5L6,18.661340060345534,16.80135503539997
I1K672,17.26471776770161,20.279636510379472
I1K7W5,16.09814911144532,17.58903782360359
I1K9G2,14.859980067393336,19.385546674296926
I1K9V8,21.292291786819753,20.407848687979545
I1KAD3,17.42463842154091,19.4084840299011
I1KB25,18.928601014169725,17.415305249269036
I1KC56,19.35421565960286,21.602469993838785
I1KG02,18.92862856531979,17.723740981783198
I1KJW0,16.75655969542136,19.11449452055634
I1KM16,19.42322195324912,18.015934550855583
I1KMS9,17.561003861985355,19.128381968464723
I1KN78,21.795596543698366,21.190190173814653
I1KNE0,18.874682542565807,17.50787317604896
I1KQE3,18.594218455442636,17.48278782266978
I1KU18,20.364624107913045,19.065658767652106
I1KU83,17.306973381230613,20.420152619942332
I1KV61,15.757422041539815,18.227352070950516
I1KVU0,20.956728616757644,19.848216478199518
I1KWE5,16.2541068744949,13.362833293291446
I1KXU2,20.424593760566456,19.69330082049462
I1L068,18.75873397786132,16.489937312490394
I1L6A2,20.706070026420694,20.001883430608903
I1L7G1,18.253206067449067,20.270905675207835
I1LBH6,20.871558132396494,19.037708420500707
I1LCI3,18.048740313687073,20.432656737817656
I1LFQ4,16.81692356490095,16.254101782123403
I1LG10,14.422513726062308,18.759345881121778
I1LGB7,18.81999722943315,17.669494280292277
I1LHN5,18.948439580574025,18.243917630481942
I1LK55,21.162140824473763,20.580899309520873
I1LKM5,24.012446949783953,22.487459193228275
I1LKZ3,20.232704870542463,21.620804408032907
I1LL14,18.208619232877847,19.420025369566414
I1LLC6,18.800766412791027,17.3087544867638
I1LNP0,23.22453166234449,20.995514781958097
I1LS95,19.938037442669547,19.204093511696883
I1LSK3,17.31807582825213,19.240387458628543
I1LTW8,16.44351486166782,17.755951311319244
I1LWZ7,21.32752413798976,23.12478848729569
I1M0B5,16.181603075139666,20.823744549416563
I1M0R6,19.07672061635678,22.172784003230774
I1M138,16.133105471333682,19.843886787696245
I1M261,18.637907014725105,20.643770795338924
I1M5P1,18.808193244556353,17.508432473423138
I1M7Q9,14.319711696976421,17.429496445274907
I1MBR7,21.9529309732195,20.83201486655146
I1MBS8,15.99523363817455,17.67500968250042
I1MD61,18.735898662448072,18.264548798186826
I1MDV8,17.884151518412843,20.221312335076817
I1MEE6,18.62635315104892,21.1465455362037
I1MFH9,19.458695056437342,18.695269455768504
I1MFL2,16.330330825671467,17.769415214672204
I1MGS2,19.913914307014842,18.37675893889694
I1MJ28,21.249225788896144,20.249224601304487
I1MNU3,20.15652868769535,22.094423468109092
I1MNX4,21.31141268710976,23.625494296015322
I1MQN7,17.592787456100883,16.397680103473565
I1MRM5,22.693238354524652,22.24656765239542
I1MRV6,21.25580302360293,23.446669699619193
I1MSB3,18.872647179038847,21.042972199233134
I1MSV5,14.828729486333081,17.275322502745368
I1MXZ0,18.120989212905666,16.97697324383774
I1MXZ6,21.885552626884454,20.0779766288893
I1MYB0,18.30541240956641,19.97497566256344
I1N0F1,20.16481455633123,19.317706906768382
I1N263,20.049416037688818,18.935343991531013
I1N4I6,19.96702698009827,18.978821762029867
I1N4J3,19.029095968003453,20.0880943624919
I1N570,20.829961999733797,20.170253940157455
I1NAA5,21.26676918415349,20.04384754365394
I1NAI6,18.005421816166645,16.797881305568175
I1ND95,21.665789159307167,17.72782524918162
I1NGJ9,18.633972740697004,16.489775677501704
I1NHW4,22.89408387732506,22.413114927957366
K7KA83,15.811835812365755,17.192131926793945
K7LKJ0,19.334132106585066,17.153630679379752
K7LNG2,21.739344609139945,21.08597161430609
K7LSQ5,18.459383677937424,20.870120436794885
K7M1X9,17.268850184681746,15.056975443434206
K7M5U2,21.020429097351236,19.411192865143605
P0CG89,24.169712722028745,23.60554852307755
P10538,15.878847635174564,18.206476203314754
P28551,18.39893525644397,16.547208348706192
P30081,17.881916977859575,20.50548730951286
P50346,19.240738191254174,17.887559115484446
Q42785,16.91826618404473,19.4891373353754
Q43453,25.79452760516952,24.67135325363651
Q6YGT9,18.104202148112776,19.984447383378512
Q76LA6,23.903603402644126,22.240269419494393
Q8H928,20.53825538612943,21.589868159306857
Q93XE6,21.521676512578424,22.774599058024723
Q948P5,15.586096330326269,18.586864885074114
Q9FQD9,20.160108058170184,19.306010647045166
Q9FUK4,22.23916779993343,21.566647771347906
Q9SDZ0,21.767696555307936,23.118437056255022
Q9SPB8,22.978747976841188,23.940349665558166
A0A0R0END2,14.172496325817185,16.930118838844713
A0A0R0JQH3,17.666739676998525,15.78066356578616
I1KYY0,14.04455327131587,15.849223866247138
A0A0R0EDE6,17.024894978740672,16.756298785826626
A0A0R0ETX2,20.546256531846605,21.29269435740296
A0A0R0FW30,16.949211815830772,16.797335644717318
A0A0R0G0Q7,23.838226541196722,24.286355508587135
A0A0R0G721,18.28077629892905,17.305078957146492
A0A0R0G8T3,20.95086881213872,21.582353916807026
A0A0R0G8Z9,21.06362781128786,21.137758374682427
A0A0R0GAW6,20.563346763759363,20.19699174969064
A0A0R0GBW0,16.36369605649054,17.260938502406965
A0A0R0GDS6,16.90633618977792,18.01408267670645
A0A0R0H8B1,20.828784017495348,19.992023846230044
A0A0R0HGS5,18.25796931791473,18.795369464207933
A0A0R0HMK4,19.0626702028543,19.966090402031305
A0A0R0HTQ0,20.139724796111803,19.98618478294713
A0A0R0I1Y7,20.326973949558376,20.747824581655824
A0A0R0IHC8,19.306612749679307,19.613927042979544
A0A0R0J3C7,16.151012609837107,17.630090150238566
A0A0R0JQV4,17.514210225297678,17.201773522081034
A0A0R0JYS9,22.71051957384424,21.148352409441852
A0A0R0K666,20.763105775378826,20.841790098569042
A0A0R4J2T7,18.60627568259721,19.407915758544167
A0A0R4J3J1,16.87266272352558,18.532047904128518
A0A0R4J4W7,17.499174731844544,18.799166829261292
A0A0R4J598,19.373538324588615,19.706277082362853
A0A0R4J5N4,18.713858799921812,18.05015142898901
A0A0R4J5X1,21.037039774484352,20.324876005306713
A0A368UGN5,19.801803283896305,21.35390542113815
A0A368UGZ4,20.619433396322037,21.048003707187622
A0A368ULJ0,18.973892005448345,18.711279939235112
A0A762,20.649014904507123,20.31196738187938
B1ACD3,20.369690824231593,20.14077821068175
B1ACD5,19.30606083029369,18.256475665946443
C5HU39,18.898417340546708,18.43508208068861
C6SV97,18.394330795622743,18.127328454125262
C6SX05,19.986319785636717,19.75544034019537
C6SZF6,18.794092599020605,19.237243480463466
C6SZJ5,17.427804106332857,17.538683792530172
C6T172,19.06828980231954,20.026416501601805
C6T201,17.473926608943103,16.314443192848028
C6T3V8,17.947751171382563,17.207630053727648
C6TCA1,22.333153810082948,23.052940229481912
C6TFL8,15.62889412873272,15.637817215322533
C6THF9,19.442529490816234,18.97623151331723
C6TJT0,17.456488513268006,15.394743473266585
C6TKR1,15.189807988138645,17.691581417310484
C7S8C8,24.367075195995685,23.319624297278647
I1J5F2,15.827214098615382,14.51481638423826
I1J6M1,17.48647025545358,17.847104323193648
I1J744,18.483225880066755,20.14726140581059
I1J7T0,17.920722771622266,17.166228248219742
I1J8H6,18.80088325087534,18.87826445339262
I1J8R4,18.237437089087287,19.236618845691805
I1JCF7,17.5982265291838,18.382881900310576
I1JF25,20.470952533559004,21.72144784889634
I1JG01,21.318611569017477,21.50846821570656
I1JHH8,16.163773738575863,15.558034215542676
I1JHJ9,21.263033636502342,18.292380656771847
I1JJF7,20.516968645032332,19.90416754619007
I1JL03,19.947024931077326,19.86881669408486
I1JL04,15.327954959892969,16.171675061813435
I1JMY1,21.272819178080454,21.665842813169164
I1JQN7,17.500723220052308,18.227492391678076
I1JT08,17.22230757980016,18.182802476039807
I1JTM0,16.71496978223401,17.03036308606034
I1K053,16.96607867131202,14.916664812317562
I1K2W7,17.78019791935273,18.835632035821124
I1K380,18.442440656419194,18.986543322905195
I1K4X9,19.464734030252643,18.457431991443567
I1K670,23.042887417355264,22.304467946819557
I1K8M2,15.772568506759812,16.700853568981735
I1KB93,17.38201243936888,17.90999207220529
I1KCN2,21.182430800577098,21.870411908658387
I1KDK5,18.560544084450758,18.872852322139583
I1KEH1,17.491386645258192,17.2577770448555
I1KPN3,18.650969384380225,19.381995389501657
I1KRB3,18.376099563022432,18.508210313657372
I1KRB5,16.347978608704896,16.888109078247293
I1KSH6,19.546615072741258,19.406516538406617
I1KTU5,18.60246344135518,17.34389273187174
I1KW53,17.825227870889552,17.70177486998391
I1KX00,16.32242677672259,16.489965664550517
I1L0D8,22.996176468910917,22.19466187922841
I1L0D9,23.610816850593938,23.7729172916323
I1L0F8,21.703973397426083,21.590288534807808
I1L0H6,16.867458064658077,16.289682723716222
I1L281,16.736747001416155,17.362128707737956
I1L3J0,18.14110486998783,18.07054917554471
I1L6G7,20.456739445634852,19.75626963943036
I1L6T4,20.54789232599094,19.792888285382023
I1L738,20.277109794157397,18.690294689348008
I1L7S8,18.778493468782585,19.301861476735034
I1L7T9,16.90150362092038,17.933756738294008
I1L7Z5,20.359615332639788,19.51538601457118
I1LAZ4,19.472562403805206,18.45713355018109
I1LDJ0,20.39800851320778,18.739807544700355
I1LE35,19.150897413032215,19.168395439663716
I1LEK6,16.051443214759907,17.56682114654162
I1LL59,18.31783368258081,19.124722033881678
I1LLU8,16.125753380737176,16.31586846073659
I1LQF7,15.957171028232919,17.16329083813807
I1LTP6,17.26104201621743,17.56134679112378
I1LW02,17.210653371017393,17.57097254701273
I1M329,17.69467755688803,17.77948343529412
I1M4L7,18.120995739783925,17.547764451068918
I1M6K6,22.338477342132347,22.28089723047266
I1M8S3,17.80100981902254,16.96249415084606
I1MC31,21.192633584685705,20.9080980612468
I1MDY5,19.37716833303926,20.26564008995879
I1MER7,17.486673739754554,16.630554063580256
I1MHG0,20.108451245644893,20.663163995994914
I1MLH1,18.10175290228074,17.941957060518316
I1MPC5,19.83914683302783,20.343183308465488
I1MRA7,21.162793700077767,21.903561154032698
I1MSF0,16.96059966946384,15.99943368758184
I1MSU1,17.831459216255602,17.514579548140883
I1MUE2,15.938027770454006,17.364908906610545
I1MV73,19.69565783381644,20.678700396135763
I1MVH2,19.1937597064405,19.815312798994306
I1MXL3,21.93054864559498,22.153572500462886
I1MY65,21.250261476971996,20.785994018687784
I1MZN5,18.063600834074464,18.73099429306963
I1N362,21.938746009088455,21.42119680171312
I1NCA1,16.302657812869302,17.39997506607228
I1NCW3,21.062186177077276,21.15802264405801
I1NF03,22.58636772870941,22.202519390300726
I1NF29,20.056915417359004,20.795872279081852
I1NFV9,16.627173191899224,17.107890857209448
I1NFY4,20.63217237868277,21.17777926306132
I1NGL9,17.567667786953198,17.242785951148242
I7FST9,22.575835656409186,22.40107539001317
K7LBF4,15.786112615733796,15.677204821583468
K7LFR7,19.79348623163333,20.121776025100296
K7LQ97,17.452892700142993,18.03342414143626
K7LSB8,18.950238450643386,18.339743314775156
K7M940,19.384142102928458,19.51304457310894
K7MIV6,20.145928485029295,20.54851153592559
K7MQS3,16.643756868438867,17.859261148587745
K7MTC5,17.576835878581793,17.440534361474533
K7MYQ2,15.49049929878494,15.840098242719336
K7N0R3,17.529071020958167,18.61966909993471
O22443,21.21373796109067,21.574420079186034
P10743,22.810673900989215,22.921557477045322
Q39817,16.36508908919755,16.330792912536648
I1JBK4,18.165182908581652,19.375280914285174
I1M5Q9,15.735834254694227,15.175511762199505
I1M658,16.8818444059836,17.999917118463266
A0A0R0EBS2,17.95718339723584,18.89555940386792
A0A0R0EDW0,16.863379060787175,17.32358162347965
A0A0R0EM38,18.17349576725742,17.266446046937922
A0A0R0ENV4,22.861946154920368,21.94715877948517
A0A0R0EY92,28.429516993656957,21.362999410950128
A0A0R0F2Z4,22.466447754245646,22.617554229461472
A0A0R0FDV1,18.896192082534945,19.768741838020002
A0A0R0FHA5,17.017186489093497,17.797055960485704
A0A0R0FQN0,19.29222591123306,19.671161048791337
A0A0R0G321,17.21178303910298,16.481747737870165
A0A0R0G6T3,23.026565710866503,23.18255999541369
A0A0R0G797,18.555465512853154,18.87049358929646
A0A0R0G896,18.085591590377764,18.425921684785177
A0A0R0G924,16.833867526798226,17.85757050646465
A0A0R0GAK0,21.441134781407456,20.463474330957283
A0A0R0GE22,20.92095803526857,21.07864112616146
A0A0R0GHB3,16.74803199156811,16.678985148433327
A0A0R0GZF0,19.29262716612796,19.764725952008448
A0A0R0H0S7,17.074124061279154,15.892169641584754
A0A0R0H289,19.768117061267514,20.44935227509506
A0A0R0H9T5,23.47755853588416,22.57057399428177
A0A0R0HBF1,19.86559514930511,18.862060977971204
A0A0R0HDA3,20.108480987175952,20.38329791514482
A0A0R0HFW6,20.355707990129442,20.40064889638863
A0A0R0HH51,18.014057067581433,18.10023518941159
A0A0R0HLW6,18.77131753243666,17.97557220504002
A0A0R0HM17,16.527144191716783,16.019202446076914
A0A0R0HPZ5,22.42011946074164,22.31650791814508
A0A0R0HQQ2,18.957927140695492,19.088250657528015
A0A0R0HR30,19.559164455035074,20.19406818079938
A0A0R0HUK1,19.587756680209534,18.247818347399132
A0A0R0HXR3,20.70431146692873,20.369294312639095
A0A0R0I177,23.577834438661565,23.330759346111144
A0A0R0I1W6,20.282955399321395,21.023469760126712
A0A0R0I7I9,16.475504871494703,15.332116189705681
A0A0R0IDW9,19.660779535639385,19.97923550445929
A0A0R0IPI1,16.044545339425923,15.683834783291717
A0A0R0IRH4,21.84239703110208,22.29717299950531
A0A0R0IWD3,17.202854856104786,20.296131573005187
A0A0R0IYN3,18.753479338018572,17.79194998155194
A0A0R0J154,17.15163708685875,18.645607351383166
A0A0R0J5W4,18.67725406424077,17.744388246661465
A0A0R0J7Q6,16.770595322207942,16.666436620825916
A0A0R0JI98,18.861660036277563,18.988422185949865
A0A0R0JK73,19.157005087087505,19.113344783139425
A0A0R0JL19,21.733243443243648,22.45465267960283
A0A0R0JVM8,18.957348680926362,19.85169386232071
A0A0R0K6S7,17.319695960972524,18.443983463355902
A0A0R0KBJ0,20.38569463374817,18.642102593958334
A0A0R0KE56,22.65794318400537,21.342149419898433
A0A0R0KE60,19.24586077273473,19.597614514046075
A0A0R0KF64,18.55510047056695,18.726731547337867
A0A0R0KGG4,19.89845141347621,19.752159671478566
A0A0R0KJA5,19.314631185749416,21.72132616012977
A0A0R0KKR3,22.37754532677707,22.621954862848728
A0A0R0KQM5,17.328181717542208,17.071164517363602
A0A0R0KU36,17.034687018831075,15.96320004285265
A0A0R0L372,16.02041993161161,16.485712880688364
A0A0R0LAF9,20.38937611509851,20.69887185186926
A0A0R0LIH0,16.739916716309647,17.340708460907184
A0A0R0LK39,16.405808190196556,16.888618600163785
A0A0R4J2L6,17.21256717202857,17.664178625417353
A0A0R4J2M7,21.31429875313118,20.960117322102377
A0A0R4J2M8,20.381401310700156,20.7002946236901
A0A0R4J307,19.371140926474055,19.196927293519217
A0A0R4J309,18.804888794645414,17.863213647401963
A0A0R4J336,17.044047573349285,17.638015648773962
A0A0R4J338,16.144801521046947,16.423861001984264
A0A0R4J387,21.272703176684978,21.445610231587587
A0A0R4J3C9,21.695962495621693,21.95327012154366
A0A0R4J3V9,16.85076957111993,16.777077267295073
A0A0R4J3Y5,18.985954927961725,18.630520271926038
A0A0R4J3Y6,18.879550424482122,18.869867510173314
A0A0R4J4C8,21.7519601455486,21.32825197741931
A0A0R4J4X6,19.523766661455735,19.032123382109294
A0A0R4J559,24.42813814822783,23.525545233057777
A0A0R4J5C5,21.72269342016394,20.30167106491989
A0A0R4J5N5,18.8781926060229,18.254123861554852
A0A0R4J5U6,17.087950249463326,17.2114329996574
A0A0R4J629,20.12376554669601,17.73465182686877
A0A0R4J654,17.187176868624615,17.564116704494587
A0A368UH36,18.550139621802813,19.416932528601393
A0A368UHG1,20.25779863134771,19.822505632547575
A0A368UHG2,15.578015504653079,16.153883683321368
A0A368UIE9,19.466991214648754,20.361207105341155
A0A368UK73,20.646562488746845,20.69784398128463
A7BIC9,19.996460288441774,20.440204835728885
B0M195,16.05928308914613,16.94991203741352
B0M1A6,22.785959449156366,22.44621578901752
B3TDK7,23.026522525811824,23.51754814359774
C6SV78,20.032938699034762,20.04360455560976
C6SV91,16.520135846130398,16.986187093770525
C6SV94,21.334049050676374,21.145081471010425
C6SVK2,19.408001233429946,18.834628988798798
C6SVK3,16.902564037235983,16.58028322291365
C6SVL1,18.072437146581024,18.584470107049597
C6SVP2,17.820016839517066,16.97523558464595
C6SVX5,20.601963756917105,20.384285287924076
C6SW24,20.82685839595866,21.02978700310117
C6SW56,19.99543143905906,20.079391979596977
C6SWG3,18.504312513892497,18.523361803220954
C6SWQ6,17.994352996583206,17.940030013874306
C6SWY6,19.75598187768567,19.556361625990004
C6SX50,20.15030319097603,22.825062747234718
C6SX86,19.03273963202672,19.47936487220158
C6SXC3,15.954904998482217,18.421500961003375
C6SXD0,22.316087876958832,21.44300739434047
C6SY73,18.179476879451457,17.4350740894007
C6SYA5,20.32431675946272,20.192343656232705
C6SYE0,19.573306531469886,19.046411936963832
C6SYG7,21.99657202945693,19.07779011408639
C6SYW6,16.894879587867408,16.829775580090402
C6SYZ8,19.794423632507932,19.72944215803195
C6SZ55,17.723894406318237,18.014275844631392
C6SZI9,19.85485206163051,19.535253313967555
C6T0A7,17.921025234431713,17.423794525281714
C6T0H9,20.141504271390264,20.006364629859366
C6T0M0,22.51665785916204,21.892864806807406
C6T0R5,16.898642620656744,16.000602624584918
C6T107,17.54618640483747,16.86478457014512
C6T1E6,15.659350202725065,16.64403375299807
C6T3A2,22.304811016658558,23.558511894311366
C6T3N0,23.549101604666312,23.457324986694505
C6T460,18.64393427260066,19.733164844909883
C6T4F9,16.98793642582822,17.485477604922078
C6T4I7,19.39626784514415,19.554935583262186
C6T4P6,18.644853491352418,19.811593022002413
C6T4P7,19.943671700711597,19.89758047248383
C6T4R9,23.62476156359594,23.472350208581435
C6T588,25.415320998638332,25.24658993907908
C6T7V6,19.55188510238657,19.503425136967895
C6T857,22.914758908798024,22.438530171055493
C6T8J1,19.022091462654718,18.435167436881933
C6T8Y2,19.423555060821666,19.04543977068807
C6T8Y4,17.30690032016778,18.118745266798065
C6TAG0,18.492631603557584,19.082930419319716
C6TAW2,19.048291504236794,18.517168417859146
C6TBY0,19.61148620894466,19.500989774175647
C6TCC9,19.22063445248788,20.126569976428293
C6TD38,18.515426456705093,18.673253584178113
C6TD56,24.415079335177776,23.815871349820785
C6TDF5,19.041662956528068,20.18858822800409
C6TDZ0,17.62220012361878,19.072008590436685
C6TDZ1,18.082396680531662,17.234035322601283
C6TE19,16.57702044536947,16.631465839440764
C6TFG0,21.213365495863723,22.28673238817114
C6TFP4,20.131306337833983,19.903480771306178
C6TG97,21.296224483471363,21.265630900832
C6TGD9,20.85241277852201,22.642799124308134
C6TGN3,16.100818653765085,17.709096268560945
C6TGS1,20.546684493707392,21.89939595959935
C6TGU2,19.72712105230222,19.986521932129452
C6TGY7,17.621786999372596,17.55597593389052
C6TGZ7,17.027126198652994,18.076352447241206
C6TH59,20.147769347600654,21.11107190394076
C6THA0,18.753525262179235,18.38049197047467
C6TI08,16.96817866235568,16.097382712458057
C6TID4,18.84556001597761,18.783728654896322
C6TIE2,19.719316595506207,18.867988414453013
C6TIJ7,19.579921003884635,19.537531882718163
C6TIM5,21.377448241723766,22.138179952734514
C6TIQ5,18.606400030130843,18.831276318258894
C6TJD3,19.41199950384628,19.150380251522517
C6TJH2,21.00092138731926,21.30071265900223
C6TKQ3,17.049024608434607,16.506867673229248
C6TKV3,18.575814403894455,17.680679779287342
C6TKZ2,18.870795993189486,18.869987379208908
C6TLJ6,21.97543172933064,21.04817463397736
C6TLX4,19.646483891977734,19.61654880416821
C6TMB5,20.501319519685133,20.53288322478756
C6TMU7,20.25409468732335,20.461680564115174
C6TMX6,19.303948249337278,19.130372556899207
C6TNQ1,15.693863333391386,15.480812766198516
C6TNV4,19.125124877991983,18.037031216587742
C6ZHS4,19.992443790072773,18.671357711727502
C6ZQJ7,16.526231570032145,16.50132093875388
D6C4Z9,21.98243850406778,21.517168138648184
E2FKH2,18.80920133037903,20.223077612226742
E9KNA6,21.446818228630356,20.297609834054533
F6KBT4,18.61613865754679,18.265813423909158
F8SMC3,21.97160876983962,22.17517668676951
H2D5S3,20.06032556586907,19.900635667426137
H8Y6Q3,14.256030292086363,16.351820329968742
I1J4F8,17.732260946036032,18.68060670370905
I1J4J6,18.87871240135467,19.89793136122168
I1J574,19.46316222960554,20.42437083210128
I1J5A5,17.57197127062825,16.431628491837852
I1J5B4,17.88409046593378,17.770209877488227
I1J637,20.750581732221434,21.43315790731486
I1J6L0,18.296315294418925,18.922383971155856
I1J6M6,15.939986682186856,16.93096609281582
I1J6Z7,24.1756026712351,24.207966129453638
I1J7C8,18.09079456468907,19.41577304525816
I1J8H1,22.447713199380633,22.449996546869233
I1J8T1,19.30845422404103,18.87532573359427
I1J8Y0,18.690408689361906,18.959712014509016
I1J9E4,18.775827132209788,18.248554652455013
I1J9U6,19.71015191449677,17.631119968653003
I1JAQ7,20.95658432085681,22.319532556304193
I1JAV0,19.21030599627761,19.281685149441447
I1JB55,17.435409852838273,16.178157053115594
I1JGB2,18.642336925701517,18.270148597914417
I1JGB5,15.533478257759025,16.155062236656565
I1JGP8,21.412400904559753,21.303202182812587
I1JH86,19.60302368871511,19.397575365039756
I1JHQ1,17.12290190755112,19.275766884275818
I1JJ67,17.65702882276989,18.317864148619684
I1JJI4,19.444861656020887,19.698351001818118
I1JJL6,19.880459277771486,19.678476219357748
I1JK05,18.027050022384362,18.49023153705363
I1JKM1,17.410045231506608,17.15275015235421
I1JKS9,20.004331385315446,20.903639499481635
I1JL51,23.451193435928655,23.850197852636004
I1JLY5,17.54208902569966,17.84640010381642
I1JMB4,18.414993386666836,18.84598302372163
I1JP95,18.065784841816395,17.994776440830066
I1JPH6,15.554453066326683,17.296155764656856
I1JPM6,16.664616725991344,17.104057515634192
I1JPW5,23.509040986521182,23.5606521536533
I1JQD4,20.703221151450837,20.055933027041224
I1JQS2,15.804522465327295,17.379331460872667
I1JRF8,19.353505722285064,19.854812721320183
I1JRI7,22.048942287161275,23.100597763384453
I1JRM5,19.235191316964514,19.95985405956263
I1JT49,15.67141028462825,16.419849007728555
I1JTG3,19.201705190768546,20.38888188613793
I1JUS6,17.264576422286996,18.58109453577024
I1JVU2,20.530150797848464,20.19885736587247
I1JWK3,19.456041397177692,19.534721082529657
I1JWP6,15.626304032312849,15.25133512929378
I1JXG9,23.040601440619476,22.982566345862534
I1JXI9,19.638968831835776,19.763993014172836
I1JXJ3,16.27528987248742,18.684326379555273
I1JYG3,18.491991678644133,19.07789296892417
I1JYL3,18.308742220774242,18.130690655312044
I1JZ89,18.037967001662615,17.786324688469758
I1JZW5,20.511855001080374,19.54533094991231
I1K081,17.96460178809566,18.477700732814494
I1K0H2,20.30429762787542,19.852096051834174
I1K0L5,15.847151255745464,15.370928720162087
I1K3S5,23.073756436654875,22.350745753168617
I1K489,20.11089166715531,20.94688980984354
I1K4A8,20.21239036913449,19.061453530549343
I1K4T5,15.927427192174807,17.277612284682494
I1K5H2,18.878229064496434,18.240459315252345
I1K5J1,19.095340938547768,19.293236166743988
I1K5M9,22.140592300740217,22.789603174436092
I1K6T4,16.752906887053932,17.868587838187803
I1K758,17.706682065315242,17.716598890729784
I1K7H0,18.319781224265896,19.371871448063214
I1K7N6,20.574796232095775,19.890452325323004
I1K7Q8,18.99185318171866,19.207964427965493
I1K843,19.340700266789074,19.327888444830876
I1K8F4,16.76206606011897,17.136735588849973
I1K964,22.813563465658195,20.793288251678437
I1K9A0,17.448853271999653,17.987540701635893
I1K9N4,19.784272581841,21.15310801606045
I1KAB0,17.942905028714566,17.78118454158323
I1KB06,16.519161989894542,16.78349332654039
I1KB78,20.203692313926776,20.391572268140635
I1KBN0,18.530925899456914,19.074771334122335
I1KBV2,20.407413872259234,18.60221672186191
I1KC70,19.64041284485145,19.603747597946025
I1KDJ9,18.603665488944408,16.241294209031167
I1KDT9,17.163351225050192,18.767372100555445
I1KE09,18.733885016806134,17.686651218860316
I1KE79,16.50215677540712,17.087329056824995
I1KEY6,19.385016348069417,20.29882746075207
I1KGP0,20.955419239559216,21.062812791313007
I1KH24,20.592788803167355,20.614513116025357
I1KH71,18.119512966560283,18.521876913536953
I1KHJ4,20.27955177505161,20.24493964957068
I1KJI7,23.040826027280726,23.123537556347124
I1KK57,21.72155806123553,22.11736427371692
I1KK59,19.59428388830066,20.15770558743383
I1KK66,24.549950887428796,24.805244125013978
I1KK68,21.351434112435268,21.25490922265876
I1KKN7,20.059376488764133,19.218466892434986
I1KL72,18.78199067493485,19.436526534320095
I1KM19,20.002345892791137,20.43733050691085
I1KP02,17.728956173683716,19.46597009203958
I1KPH3,18.533849100622884,18.583596757951412
I1KPH6,19.760220755339407,20.008969243658154
I1KPU2,17.29312150306377,17.70701573309175
I1KQ26,20.52452015635327,20.134560478893327
I1KQ42,17.72838362834658,17.85007882815017
I1KQU2,20.340758941422838,19.15686015073963
I1KQX0,19.91581864463194,20.02241237092849
I1KRI7,18.189705606691323,17.4636255005924
I1KS65,18.008587011423096,18.28639163701688
I1KSB7,15.184283222220806,16.33975136328664
I1KSQ0,17.24231292240684,17.580146881949506
I1KT56,17.644892288740834,19.09648070728644
I1KTM3,18.12829521540204,18.587447886100353
I1KTQ4,20.123128642089558,19.517874374512566
I1KTS5,19.616627048531463,19.33293104844236
I1KTW1,16.743732729296713,17.866231061305083
I1KU21,21.27369595469322,21.1772406956809
I1KUG8,17.33438315733534,19.227108589601766
I1KV24,15.884973035507546,15.171433496592691
I1KVR6,18.067150518528017,17.645931415003965
I1KVZ9,19.180984662417153,18.088930487750986
I1KWA0,19.897871550597383,19.326354124392285
I1KWF3,19.442109371642037,20.041069145615264
I1KWI0,18.81783690533358,19.303878888298904
I1KWJ3,16.36732357810177,17.6080003323726
I1KWM7,22.79164001784206,22.59615989691787
I1KWT3,19.261350796042596,18.48576770411258
I1KXE7,21.477913109206316,21.179243074724607
I1KXF9,17.17203495788947,16.76788217673885
I1KXG9,18.97468891874377,19.905572965614326
I1KYP9,19.512682712643745,19.829802904341474
I1KYQ5,16.87504043941379,18.065661457028387
I1KZ13,18.508503689875322,18.49524246610087
I1KZ20,18.64009775260009,18.635249897797078
I1KZJ1,21.874514942588632,21.941623802116073
I1KZT2,18.23052654958999,17.972961457927042
I1L053,20.19385797868455,20.645793938983616
I1L1J5,15.381156125698627,16.33817274920255
I1L1Q8,18.223582425342887,18.072916668511365
I1L1U4,20.35873453840552,20.869729400797823
I1L314,23.746436763076947,23.621194469900814
I1L3N6,16.52016149227008,17.848930189746234
I1L3P6,18.97819434403074,19.087645187567713
I1L4J2,18.531575756468012,18.808094466402835
I1L4U3,19.48707127814321,20.517927106400915
I1L530,18.033761306795046,17.738753853533773
I1L6D0,17.406591174160376,17.882305238220884
I1L739,17.168924754652345,17.881529052507556
I1L8A9,19.514110665156654,18.75353606637026
I1L8G3,21.511541205110486,21.463229170043192
I1L8R2,18.396718105234562,18.109850063461707
I1L903,19.335745488486133,18.057139676647708
I1L905,17.895322866831727,19.26531013989013
I1L922,16.592997790517263,16.941543570879343
I1L983,19.48698766741356,18.05962117486238
I1L9B1,18.341320767216953,17.91100218918884
I1L9G9,18.742780046497526,18.241302489184193
I1LB97,20.085732351001134,21.031403406045914
I1LCH6,21.80118346529793,21.85930418527864
I1LCI1,18.47636751749731,18.488286600867223
I1LD52,16.82479335344219,17.46531949463206
I1LDE9,22.721204589247073,22.05771795558998
I1LE22,17.270152682013737,15.738713436867677
I1LEC3,17.33784858641438,17.52805539860127
I1LFD6,16.769157253088334,16.624982345713505
I1LFG6,18.27942402331593,19.243430723875683
I1LG61,16.825852021104808,15.933835344402922
I1LGL7,18.825992814911448,18.3879795146541
I1LHN4,16.543240637020393,16.767917935137742
I1LI05,16.572985482217373,16.48372589101441
I1LI06,20.046024508880446,20.217263514680766
I1LI96,18.238974414394896,17.975730134094913
I1LIJ6,18.18802248211151,18.539227341422954
I1LIN0,18.544779956379315,19.474286925968915
I1LIV5,16.549707121751,16.784454660757085
I1LJB4,19.40029212537775,19.049065662154103
I1LJG3,22.08798340284753,21.023459460025734
I1LJP3,20.188247744366407,19.571844495556622
I1LK73,18.619315908920235,18.821449489738928
I1LKU1,19.461344249870212,20.30303909581387
I1LL25,21.247992058521774,21.15587834316114
I1LLA7,21.057172703230464,22.410887888217427
I1LLM2,17.521593441720995,18.00949589051405
I1LM73,17.759293147240637,19.195602974711328
I1LME9,18.505035441739174,16.823203628621634
I1LMI6,18.172884001691017,18.781905088532298
I1LMP2,16.54225174421469,17.800263779065546
I1LMS5,20.412129533037923,21.4764321095888
I1LNE6,18.44854403759189,18.636374094337015
I1LNP4,20.325050612006027,19.393952229449788
I1LPA3,22.38859448030568,22.365463319410097
I1LQ46,18.277630035282773,18.319826763477494
I1LQ56,19.016258778117525,17.831894374297917
I1LQR4,19.791837557674782,19.36661525070312
I1LS70,15.665805889940728,15.147382890388386
I1LS94,17.106148150538175,18.124520338910546
I1LSS9,19.489174051551373,19.699091040079598
I1LTA4,20.927669137150506,21.281626862619117
I1LTE6,16.4038089991978,17.716979734017382
I1LTR4,14.691535774349342,16.05404830304705
I1LTT3,18.721421294672673,21.06982560605496
I1LU40,21.78112168634373,21.21857472036125
I1LU49,18.61166183075305,16.34290850952078
I1LUL9,20.90358821327459,20.933398019761036
I1LUZ9,16.971719752823287,17.02592425767463
I1LV54,18.606967204391854,18.182777556343083
I1LVH0,18.20127917189912,18.461701884711605
I1LVH9,15.551860127683144,15.807777726125073
I1LWB8,19.172071686773513,19.157056549387054
I1LWC8,18.53281487550075,19.82879614278802
I1LXY1,16.81403080261831,17.053820481103863
I1LYN0,18.480832740415455,18.279862135766102
I1LZ03,21.38678400232678,21.74115902378133
I1LZE1,17.99528141697267,18.101576359215944
I1M137,18.1586917146555,17.512744360789135
I1M167,19.878329861576788,20.640442399222458
I1M2S7,19.894157031339493,18.53903701537408
I1M442,20.94976440733927,20.798358733274227
I1M4H0,17.14797726852373,15.907422674478617
I1M510,16.22624165677223,17.074260999292683
I1M561,21.791114517681812,21.45173788731724
I1M5L8,21.139212233136522,20.631506502491586
I1M5M3,16.943655464038276,18.057654569319983
I1M5T2,18.231605201977484,18.981449321546297
I1M6P9,17.536545788241625,17.848909775890892
I1M786,15.625862700960012,16.186475089378416
I1M7S3,20.027903247129167,19.904792020694806
I1M8A5,19.479097763586633,19.435951080618963
I1M8Q5,17.476345119440733,17.956635208955806
I1M9U2,17.323547134235508,16.616205903122047
I1MB50,19.473545624288946,19.567211126909033
I1MB71,23.156151251112814,23.327842985294588
I1MBI9,15.923590366297779,16.180021161101767
I1MCD0,16.156959593780996,17.96715234107842
I1MCJ7,19.612097650795643,20.21600472891294
I1MCN3,18.034564936493446,17.70907778132329
I1MDF8,18.005507377094744,18.442257446438756
I1MDT4,16.91150272760948,15.478384316091919
I1ME25,21.077289470535085,21.229762308556186
I1MEB4,18.945961517735032,19.1488617437743
I1MEW6,17.125023191106525,18.29512044932956
I1MFU1,16.969213369558265,16.83220580835187
I1MGE7,21.28763314633317,21.76887183661502
I1MHR0,16.874385841513167,16.737316852623316
I1MJ34,23.08001925731447,23.754642877464498
I1MJL6,19.754385567200593,20.227623255197216
I1MJN2,21.963444513727172,22.52199405191928
I1MJU7,20.41124636071605,20.76054408310218
I1MK76,17.046651513679382,17.080920685815574
I1MLW9,22.148771035944417,21.820526721190944
I1MM08,22.24318985202054,22.516335899521003
I1MMK6,18.9621107063083,19.228517332577756
I1MNU1,19.57326672837943,20.471919656830806
I1MP01,18.585569704812233,18.313334792480692
I1MPM3,16.901767892918475,18.140806023383735
I1MQ52,17.9410276642866,18.033435339948923
I1MQB8,15.832031697820632,16.242185417484684
I1MQS6,17.66251917205008,18.276269261688476
I1MR41,17.614394836254633,17.740562106514744
I1MRK1,18.045547262762053,18.40216210778114
I1MS26,15.066745049241712,15.266991549698776
I1MS73,15.951453375129669,16.82104349784454
I1MT10,20.281124125284247,20.5494038049361
I1MTH5,16.611896781414803,16.813769371807446
I1MUM8,18.65708537571262,19.40012573609247
I1MX47,17.12412042812165,15.946150628520721
I1MX58,18.121196822190154,18.387749616767998
I1MXB2,16.56571299338631,18.201829837978586
I1MZD3,18.10052118929093,18.6412429284948
I1MZW3,18.445123135043637,20.14486736777453
I1N104,20.844566458709654,21.247139681041695
I1N1B9,18.375563487057786,18.45345807745978
I1N1N3,17.08900395088845,15.483066983299329
I1N1Y6,16.965595097579442,17.26854413356196
I1N2I4,19.508281140360047,19.22016473024829
I1N2P6,18.907236646447537,18.133461044865754
I1N3B9,15.791054962337832,15.942663103373814
I1N438,22.697917247884607,19.728861628230487
I1N4C1,19.176718007112687,18.302162074694934
I1N4I0,16.792547450957947,17.41919333939942
I1N4K3,19.634670447150036,20.653595739816748
I1N4L2,17.840758588789534,17.934815558578688
I1N4U1,17.046056616209512,17.7007739898731
I1N520,23.343086200731243,23.821503619095964
I1N5D5,18.93569178526016,19.450523020569804
I1N5E4,18.713690597327734,19.527343934880232
I1N5J9,18.91276397821966,18.65037706280468
I1N5R5,18.24767758320266,17.56330387867656
I1N5R6,23.803735798003327,24.15094165040831
I1N5Z8,16.462602291672113,16.6196037100078
I1N627,16.59036413104348,15.798362644389462
I1N6I4,17.248037708476353,17.63052113427016
I1N7G1,15.518926250747276,16.624986950483322
I1N7G4,21.225218550006765,20.769423960308835
I1N7V2,15.33082758053446,16.28770285899876
I1N7Y5,16.087022816903396,17.0833023919748
I1N9E6,19.789145015845982,18.40832368683039
I1N9W1,17.74438851614406,16.346671860195784
I1NAH7,15.033543977026389,15.613717480755907
I1NAI7,20.094097807428305,20.296763431969918
I1NB76,19.872714999189622,20.05735710347076
I1NBF8,19.72484413486654,19.512781466337767
I1NBG9,17.57993593873556,16.960179792882833
I1NC65,18.700333298517787,18.872522734236732
I1NDI0,18.73095254267738,16.811956894588445
I1NDV2,17.1123574986485,16.965804925000818
I1NEU4,16.022444479622347,16.48968193004521
I1NFR3,20.58075608969245,20.149266101831294
I1NFS4,16.826819371960443,17.81845510955365
I1NIU6,18.405064214240433,19.551039558629203
I1NJ59,21.11510670106648,21.637315440102117
K7K5S3,21.421623819547026,20.852542798346622
K7KA00,17.67885979773967,18.994960417533967
K7KEW2,17.492692182897038,17.989058789816085
K7KGC7,20.462561322974725,20.858136074791684
K7KHJ7,19.079265927474186,18.46761451025412
K7KI82,23.226444394300174,23.097729710729052
K7KI86,21.057347973601303,20.867388216740615
K7KQT1,20.612013916192566,20.97495716590205
K7KQU3,17.242428007878015,16.05099526210207
K7KYB1,19.515966753972315,19.309509441857553
K7KZN7,19.248792586400267,19.170759405998183
K7L0H3,17.354682555035996,18.997596472830754
K7L0V1,22.188631792216107,22.301026285227103
K7L122,18.87013347032787,17.768568604222793
K7L6N1,15.698476971754243,16.17796863228552
K7L9I3,14.905098374506377,15.604203909034169
K7LA10,16.499588454927615,16.625965021697777
K7LBC4,18.77174637815784,18.936075690895365
K7LBM2,15.569530802870707,15.448071585911434
K7LBN6,21.478991121460258,22.543272790027828
K7LIQ6,18.25855170419622,17.944046042072248
K7LNG5,19.774947185514666,20.669815693607244
K7LNL2,19.699420291505362,19.60287432823507
K7LNQ6,18.70298176346946,19.19716927019975
K7LP96,21.203939457932567,20.663051371084414
K7LRK7,18.328907000826558,18.638395930253743
K7LTG4,17.872464669956205,18.176633125072552
K7MAP3,20.16981390919181,20.669336721733803
K7MET7,18.023261567566454,17.70502092328474
K7MHT6,19.30463011793847,19.626056013043282
K7MJ30,16.92573947655256,16.919308777698262
K7MJY8,22.618852532973197,23.190868381039593
K7ML14,18.849314896517935,21.074993736450118
K7MP05,18.11319964724922,18.391805119995613
K7MP24,16.444999239267297,16.39187914004936
K7MS03,19.085882833525826,19.271311467941246
K7MV60,15.7362155996129,14.93540764099207
K7MVB9,19.601860116692116,19.15157679984672
K7MY09,17.154929690138385,16.100272475364335
K7MZJ0,18.1419923419575,18.875196887243852
K7N2X4,17.565575747780105,17.727376991309256
K7N3S3,17.27680022147732,17.173085950618034
O48548,21.1326126004171,21.515695423852293
O48551,20.9181757669186,20.897273578108177
O48561,16.414094840390394,17.814829292473007
O81413,24.12505289629266,24.313088526025954
P02580,17.307443945641797,16.95740968380656
P17093,18.776388522255875,18.89829863465433
P24095,21.918750240449302,21.94069888657237
P25973,15.8648689904507,17.394843789037008
P26690,23.547233925739505,24.394200006662146
P26987,20.4340887345747,23.542416845046333
P29756,19.042820772218395,19.52608250596377
P46417,18.455576193374732,19.498137088527432
Q01915,20.486378794619505,20.860437527693026
Q02909,18.183475750974484,17.807901174138962
Q2I0H4,17.956889999770468,18.741039065684088
Q2LAL0,15.827935013774564,17.140430023287948
Q39839,19.37383926087301,19.831156278909145
Q42777,18.933074707140218,19.057654650909807
Q42806,15.346688583891149,16.519560108350287
Q53B70,19.139781516918802,20.039577058291506
Q5NUF3,17.567511001652875,18.979174638449166
Q6X0N7,17.53539016362835,18.066166870106265
Q71EW8,24.954273904306387,25.113424415848122
Q7M1R5,20.922790708829037,21.45547524603391
Q8W171,19.66856842945759,18.13428243876673
Q8W1A0,17.621198694412954,18.598844253665682
Q944T2,22.14754813794776,22.369216737573378
Q945U3,19.050560947799465,17.530481027219274
Q9FQ95,22.594516746269694,23.69301235852923
Q9FQD4,20.106767395238663,20.03452700858115
Q9FQE5,16.00280721421154,17.46107051773347
Q9FQE8,19.067118688702863,19.8172216968503
Q9SWA8,15.61613852710961,14.872448724481055
Q9SWB5,17.782726418092565,17.28048484418108
Q9SWR5,16.809105385052746,18.633930458982288
A0A368ULC4,16.363799930182466,17.013369729108216
I1N421,15.852583538390153,15.708448465989688
I1NHF4,15.60914650352064,15.366989491012584
K7KGP9,20.44150802201371,21.883556338042165
K7MVL2,27.202393296535245,27.833446927891558
I1MPI1,19.23413358228281,-3.321928094887362
I1MT23,15.69156324691009,-3.321928094887362
K7MJX0,17.525720869960367,-3.321928094887362
I1KHZ4,21.044704432194397,-3.321928094887362
I1L6Z0,20.65167339490286,-3.321928094887362
I1LVJ0,21.00701660029777,-3.321928094887362
I1L2H4,15.842776689074492,-3.321928094887362
I1JFW6,21.108141953154675,-3.321928094887362
I1N8I7,19.517002549642157,-3.321928094887362
K7LC06,19.263959980153068,-3.321928094887362
I1KAB1,18.47008751085962,-3.321928094887362
C6T7F3,20.178001705332612,-3.321928094887362
I1LWI3,19.733909379820094,-3.321928094887362
I1K3X9,19.061348492123347,-3.321928094887362
C6T5B2,19.104596380233076,-3.321928094887362
A0A0R4J5B9,18.122287024380864,-3.321928094887362
I1LDP9,19.48143837795639,-3.321928094887362
I1JJU1,17.183100936330405,-3.321928094887362
I1JAD1,17.31331501253183,-3.321928094887362
I1LEV4,16.807582114542654,-3.321928094887362
A0A0R4J4T3,15.878933994620882,-3.321928094887362
I1KPE5,15.758532689506614,-3.321928094887362
K7MFM0,16.32413356595317,-3.321928094887362
I1LBA2,15.557701759932163,-3.321928094887362
I1K6E9,16.560779363940206,-3.321928094887362
I1LLS4,16.27043728430056,-3.321928094887362
Q9SWS3,15.845581087811073,-3.321928094887362
I1KY75,16.395947512550684,-3.321928094887362
I1L3W4,15.473675584337263,-3.321928094887362
A0A0R0HEV4,17.337256624358776,-3.321928094887362
I1ME83,16.395034945906378,-3.321928094887362
I1NFH7,16.29322270618637,-3.321928094887362
A0A0R0G7B7,16.134133316574967,-3.321928094887362
I1M5E1,16.390653698444154,-3.321928094887362
I1JXM3,14.867818977052446,-3.321928094887362
I1JPG1,16.195873772774725,-3.321928094887362
I1JPH8,15.402635823966554,-3.321928094887362
I1NFC9,15.001446568732074,-3.321928094887362
C6TI64,-3.321928094887362,20.48439381362136
I1N541,-3.321928094887362,20.490123893153765
A0A0R0GFU9,-3.321928094887362,20.063334135436115
K7M9J6,-3.321928094887362,18.97426226435506
I1JL52,-3.321928094887362,18.589249170240866
I1JBA3,-3.321928094887362,18.594139780761015
K7M2U5,-3.321928094887362,17.667074398872572
A0A0R4J321,-3.321928094887362,17.58750404465614
I1LK70,-3.321928094887362,16.974927413872454
I1KDD0,-3.321928094887362,17.11254447176871
C6TIC3,-3.321928094887362,16.882362502641687
K7KDU1,-3.321928094887362,16.432968547806556
I1M2P6,-3.321928094887362,16.505650714664732
G0T437,-3.321928094887362,16.749515097550063
I1NIQ9,-3.321928094887362,16.925150413288847
K7MBH6,-3.321928094887362,16.750036081596917
I1KYX1,-3.321928094887362,15.320289183794499
K2R576,-3.321928094887362,25.68252123343223
K2RV14,-3.321928094887362,26.254394925581305
K2SN80,-3.321928094887362,24.99558729721441
K2RLN4,-3.321928094887362,25.537856216040456
K2SFI9,-3.321928094887362,22.932687812533548
K2QZ33,-3.321928094887362,23.82681871324648
K2SX20,-3.321928094887362,24.219186317591785
K2RWZ0,-3.321928094887362,23.846773242708895
K2R7M0,-3.321928094887362,23.76995540133361
K2QTX9,-3.321928094887362,21.82200841121815
K2SBY5,-3.321928094887362,21.688065516247963
K2SCR2,-3.321928094887362,22.28177758894748
K2RD18,-3.321928094887362,22.561422623731797
K2RPA5,-3.321928094887362,22.123114579434315
K2SDN2,-3.321928094887362,21.639896572430708
K2S746,-3.321928094887362,22.5181294915447
K2S1F3,-3.321928094887362,22.620484177606766
K2QYV1,-3.321928094887362,22.69861894150971
K2RTQ4,-3.321928094887362,22.674620860126524
K2RZ42,-3.321928094887362,22.082411186704174
K2SSQ4,-3.321928094887362,22.63817784617018
K2SD06,-3.321928094887362,22.55629626825978
K2RA25,-3.321928094887362,20.950996747478204
K2RRT5,-3.321928094887362,21.647543565819618
K2SK59,-3.321928094887362,22.353081535540806
K2S8M9,-3.321928094887362,21.52829162131766
K2S027,-3.321928094887362,21.970779458403182
K2RD46,-3.321928094887362,21.63265382674807
K2SCW4,-3.321928094887362,20.71727137803461
K2SAG1,-3.321928094887362,21.423032690223167
K2QU21,-3.321928094887362,22.219487438068796
K2RZL5,-3.321928094887362,21.58776469593871
K2RHM5,-3.321928094887362,21.08269285306271
K2RZ34,-3.321928094887362,22.165891675899665
K2REA4,-3.321928094887362,20.41068637016088
K2SJ45,-3.321928094887362,22.275883840870403
K2SB76,-3.321928094887362,19.90810627635767
K2SSH4,-3.321928094887362,21.485858428596817
K2RDL9,-3.321928094887362,21.2334868981768
K2R5D9,-3.321928094887362,19.599171270590787
K2RST3,-3.321928094887362,22.037925917914713
K2RZI6,-3.321928094887362,21.69503469148762
K2R9G2,-3.321928094887362,21.94592915399142
K2RI19,-3.321928094887362,20.902919419179852
K2QWM5,-3.321928094887362,18.92000229829441
K2R5R4,-3.321928094887362,20.356827736458047
K2S2H6,-3.321928094887362,19.271264704139927
K2S9J1,-3.321928094887362,21.860008756781365
K2SBL5,-3.321928094887362,19.506991295204237
K2RU31,-3.321928094887362,20.518703993552666
K2RZ76,-3.321928094887362,19.3004245442599
K2RJ46,-3.321928094887362,19.64864291694935
K2RNE5,-3.321928094887362,21.788504260493387
K2RZ35,-3.321928094887362,20.672544186698875
K2RKI0,-3.321928094887362,21.334613120155712
K2S669,-3.321928094887362,20.670002998275002
K2SC37,-3.321928094887362,19.97436088700105
K2S7J5,-3.321928094887362,20.29318447389501
K2S3K9,-3.321928094887362,19.919353876813116
K2RX29,-3.321928094887362,21.610332947601766
K2RFG1,-3.321928094887362,22.330142461755617
K2QVF7,-3.321928094887362,19.846787003225728
K2RV66,-3.321928094887362,22.81721432132761
K2RDZ3,-3.321928094887362,19.9260018640739
K2RMF0,-3.321928094887362,20.041565462628892
K2S730,-3.321928094887362,19.248471331112288
K2RPS2,-3.321928094887362,19.7103957130696
K2S4P6,-3.321928094887362,21.985352463121508
K2SG26,-3.321928094887362,19.766662714873974
K2RGD4,-3.321928094887362,19.887204870803618
K2RPR2,-3.321928094887362,19.49422015151538
K2S758,-3.321928094887362,19.81058612880948
K2SB64,-3.321928094887362,20.179815207640743
K2RTZ5,-3.321928094887362,18.99305441799592
K2QLG1,-3.321928094887362,20.282070082901487
K2S8P1,-3.321928094887362,22.434302279901246
K2S431,-3.321928094887362,20.296914833824566
K2QJT2,-3.321928094887362,20.401168810030285
K2QRW6,-3.321928094887362,20.224244501010244
K2RGA5,-3.321928094887362,20.028290872579493
K2R4A1,-3.321928094887362,19.762359405444386
K2RU17,-3.321928094887362,18.792804213337277
K2SVZ3,-3.321928094887362,19.493020397119476
K2RN42,-3.321928094887362,20.244259771494647
K2RHG3,-3.321928094887362,20.60792041228423
K2RIC4,-3.321928094887362,20.29180287103034
K2R9R2,-3.321928094887362,20.910921557164713
K2RZT2,-3.321928094887362,21.34866858918432
K2RJ40,-3.321928094887362,20.258953223849254
K2R6P4,-3.321928094887362,19.607055517925566
K2RWY3,-3.321928094887362,20.126894937137376
K2RYY7,-3.321928094887362,18.149896233191114
K2R8B7,-3.321928094887362,21.08733067289427
K2S8K9,-3.321928094887362,18.422818037614018
K2S8L0,-3.321928094887362,19.735023384302977
K2RW54,-3.321928094887362,19.59183432730523
K2RK36,-3.321928094887362,19.45521711532526
K2QZZ5,-3.321928094887362,19.195767789593532
K2REH6,-3.321928094887362,18.7249512252438
K2SBK0,-3.321928094887362,19.89383211963304
K2RS97,-3.321928094887362,19.539507424327727
K2SSP8,-3.321928094887362,19.23481428524435
K2S8K0,-3.321928094887362,17.39019663500875
K2S0K2,-3.321928094887362,18.58543546887057
K2STC2,-3.321928094887362,19.033509348860466
K2RNC8,-3.321928094887362,18.564841097265006
K2RWQ5,-3.321928094887362,18.943543779298118
K2SIM9,-3.321928094887362,19.936338678370888
K2RCX3,-3.321928094887362,18.79146900662434
K2S4J8,-3.321928094887362,18.157567204447755
K2SB39,-3.321928094887362,19.894463090140004
K2REF5,-3.321928094887362,18.491324973064536
K2SXD1,-3.321928094887362,19.12572495030988
K2QSR8,-3.321928094887362,20.26026856230714
K2RH72,-3.321928094887362,18.137448010069726
K2R7E4,-3.321928094887362,19.1845725745522
K2SIN9,-3.321928094887362,16.994544869219567
K2SAF5,-3.321928094887362,18.506054975905087
K2RIF6,-3.321928094887362,19.334246965158382
K2S1F4,-3.321928094887362,18.34726890681707
K2RZ93,-3.321928094887362,20.15542012112163
K2RWM2,-3.321928094887362,20.05355287750963
K2RR90,-3.321928094887362,19.397245472247665
K2RPX7,-3.321928094887362,20.09277733569954
K2SFB1,-3.321928094887362,20.064259536529544
K2RD58,-3.321928094887362,18.660389747330715
K2RYI0,-3.321928094887362,18.403077215568043
K2R5V4,-3.321928094887362,17.52735085681723
K2QR69,-3.321928094887362,19.68656697646538
K2S4G7,-3.321928094887362,18.987244914540742
K2SCG4,-3.321928094887362,19.33916515563016
K2RSP9,-3.321928094887362,19.5241098044524
K2RHH3,-3.321928094887362,19.681635932407577
K2S6M2,-3.321928094887362,19.476411390349558
K2RBA9,-3.321928094887362,20.99253914689307
K2RHV6,-3.321928094887362,19.033965607763953
K2SGB3,-3.321928094887362,19.215206591110796
K2RWV0,-3.321928094887362,18.932280318362412
K2SGF5,-3.321928094887362,20.40416337772094
K2QUU1,-3.321928094887362,19.92397939675477
K2RF14,-3.321928094887362,17.46123025684667
K2RAK3,-3.321928094887362,18.244657952392217
K2RJW0,-3.321928094887362,19.591995097644944
K2S0F3,-3.321928094887362,17.8303672041683
K2RRG0,-3.321928094887362,18.51993754773026
K2R6A6,-3.321928094887362,19.178141191288994
K2SXC3,-3.321928094887362,18.706202913878485
K2RXF6,-3.321928094887362,22.009593678078833
K2RH07,-3.321928094887362,18.338727088592677
K2RZD6,-3.321928094887362,17.305670275043095
K2RZR3,-3.321928094887362,19.04514103528988
K2QXQ5,-3.321928094887362,17.466554336226338
K2R6W3,-3.321928094887362,18.526471152265685
K2S3Q8,-3.321928094887362,17.030521195327452
K2RJ51,-3.321928094887362,16.377881199987108
K2S0M1,-3.321928094887362,18.671861956427442
K2RP74,-3.321928094887362,18.539798838105618
K2R1A5,-3.321928094887362,18.30630811084455
K2RJ89,-3.321928094887362,20.39171262420333
K2QY46,-3.321928094887362,20.284523869563916
K2RXK1,-3.321928094887362,19.56327757104699
K2S5W9,-3.321928094887362,18.588805653017733
K2STJ1,-3.321928094887362,17.937461216327506
K2RZG7,-3.321928094887362,19.836162949098238
K2RV72,-3.321928094887362,17.244661862075436
K2SD76,-3.321928094887362,17.431588268636915
K2RLP8,-3.321928094887362,20.895704677395635
K2RV10,-3.321928094887362,22.015852531426848
K2SFP2,-3.321928094887362,17.105400493130496
K2RK92,-3.321928094887362,18.77756397911886
K2SSB9,-3.321928094887362,16.624574953606704
K2QRX2,-3.321928094887362,19.077906726535154
K2S310,-3.321928094887362,18.461934934665408
K2RBK9,-3.321928094887362,19.346422090853824
K2SZB1,-3.321928094887362,18.671499734833013
K2RBJ4,-3.321928094887362,16.438677651313885
K2S8U8,-3.321928094887362,17.1010018575876
K2RYR8,-3.321928094887362,18.334033768523213
K2RGJ6,-3.321928094887362,17.989313145465296
K2RL73,-3.321928094887362,19.637276295190702
K2RJ69,-3.321928094887362,18.79645341925857
K2RSF7,-3.321928094887362,17.770856961969496
K2QU55,-3.321928094887362,19.32023071199096
K2RLV3,-3.321928094887362,17.04956350238473
K2RLQ4,-3.321928094887362,16.999957301808703
K2RK49,-3.321928094887362,17.161247127725662
K2QXU6,-3.321928094887362,16.607030652751135
K2SQK8,-3.321928094887362,17.77056230547238
K2S4H3,-3.321928094887362,18.68847937567367
K2R5Z4,-3.321928094887362,16.939912612249415
K2R554,-3.321928094887362,17.955609225431505
K2RZL2,-3.321928094887362,17.81815375774754
K2RE50,-3.321928094887362,17.990593083606328
K2QW31,-3.321928094887362,18.027920734199736
K2RDV1,-3.321928094887362,16.65610984907808
K2S0J8,-3.321928094887362,16.87447635367716
K2SXT6,-3.321928094887362,19.35416085967587
K2QT22,-3.321928094887362,18.57396767483129
K2RCL2,-3.321928094887362,16.604852724889362
K2RWC3,-3.321928094887362,18.39109556416493
K2SD25,-3.321928094887362,16.399835494813086
K2RCF3,-3.321928094887362,17.226824984579828
K2RY38,-3.321928094887362,17.939005169289242
K2RKY9,-3.321928094887362,17.73186634341399
K2S576,-3.321928094887362,17.60587969557642
K2R7Q2,-3.321928094887362,19.028276931667524
K2S5H5,-3.321928094887362,18.446498301852206
K2SGR6,-3.321928094887362,18.243923678718403
K2T127,-3.321928094887362,18.59734553221577
K2RP82,-3.321928094887362,18.14213132615371
K2RLV5,-3.321928094887362,17.83808691201026
K2RA28,-3.321928094887362,16.97357937886231
K2S0V6,-3.321928094887362,18.19239133092269
K2R862,-3.321928094887362,17.1289653257539
K2QU85,-3.321928094887362,15.973291422251876
K2RG56,-3.321928094887362,18.93276252444017
K2S4G5,-3.321928094887362,16.766535950379396
K2R4J7,-3.321928094887362,19.378415319677142
K2RLW8,-3.321928094887362,16.362524842779518
K2QWC3,-3.321928094887362,16.844290532046493
K2R6N0,-3.321928094887362,17.155545716533084
K2RXY1,-3.321928094887362,17.909790945486346
K2SJU4,-3.321928094887362,17.570272456256333
K2RC45,-3.321928094887362,16.183075055116433
K2R3L9,-3.321928094887362,15.799524413159183
K2S0V9,-3.321928094887362,17.91683402491691
K2RMY3,-3.321928094887362,16.79882726645199
K2RMT4,-3.321928094887362,15.42056135761569
K2RI93,-3.321928094887362,19.084173401060234
K2RK33,-3.321928094887362,17.763008298918802
K2RIB2,-3.321928094887362,18.751102238056113
K2RMS7,-3.321928094887362,16.64916011053575
K2S8V5,-3.321928094887362,18.375556122778967
K2S175,-3.321928094887362,19.304452560024682
K2RIN2,-3.321928094887362,19.19878187731405
K2RXN7,-3.321928094887362,17.86084653968818
K2QUJ3,-3.321928094887362,17.749517571403135
K2QJV2,-3.321928094887362,18.33140074574524
K2RC02,-3.321928094887362,17.010231201258517
K2R602,-3.321928094887362,19.8005042301454
K2S416,-3.321928094887362,17.456762206993982
K2SSI7,-3.321928094887362,20.38591557673137
K2SWW4,-3.321928094887362,17.6921946583447
K2RC40,-3.321928094887362,16.387699705460026
K2RF36,-3.321928094887362,17.757547425370998
K2QMU9,-3.321928094887362,16.679629356841325
K2RKV1,-3.321928094887362,18.475621365037536
K2QQI7,-3.321928094887362,16.594558953324263
K2RSU1,-3.321928094887362,15.665069985019615
K2RLY6,-3.321928094887362,16.51589195085158
K2SJL4,-3.321928094887362,16.637903264512264
K2SE55,-3.321928094887362,16.38422910151457
K2SG99,-3.321928094887362,15.611172929487656
K2QZK9,-3.321928094887362,16.91308498526997
K2SDJ0,-3.321928094887362,15.787932485203669
K2S676,-3.321928094887362,15.776924507794975
K2S9G0,-3.321928094887362,16.11779491252357
K2QSW9,-3.321928094887362,14.86870503643229
K2S393,-3.321928094887362,17.402443388062533
K2SDY4,-3.321928094887362,16.002122460976373
K2RA98,-3.321928094887362,16.619057051880947
K2RM44,-3.321928094887362,16.569988984426754
K2RVS2,-3.321928094887362,15.10727456972719
K2S9S5,-3.321928094887362,17.553910127058256
K2RTX5,-3.321928094887362,15.595903797064784
K2RF71,-3.321928094887362,15.77504577537416
K2RXQ4,-3.321928094887362,20.569222686569
K2R7Y4,-3.321928094887362,16.678668086966763
K2RYL2,-3.321928094887362,19.891624364477984
K2RHT4,-3.321928094887362,20.32179590984576
K2SAD6,-3.321928094887362,17.517948750881423
K2SS52,-3.321928094887362,15.560889380977029
K2SAQ8,-3.321928094887362,18.021939488308835
K2S754,-3.321928094887362,16.913386788701928
K2R9T5,-3.321928094887362,16.729223529873924
K2S7L9,-3.321928094887362,24.954464139650057
K2RI47,-3.321928094887362,24.21173248875596
K2SL33,-3.321928094887362,24.154871294013294
K2SSA3,-3.321928094887362,24.15722909012962
K2SBN0,-3.321928094887362,24.587522632789977
K2S8G0,-3.321928094887362,24.492006308696055
K2RK28,-3.321928094887362,23.69208145423842
K2RAI2,-3.321928094887362,23.99998209505615
K2SJI5,-3.321928094887362,24.5577534817896
K2S406,-3.321928094887362,25.015549052243692
K2RAZ4,-3.321928094887362,24.84033264991649
K2SH20,-3.321928094887362,23.336027725400577
K2RU48,-3.321928094887362,23.807942757235885
K2RG62,-3.321928094887362,23.414403545525964
K2R4N1,-3.321928094887362,23.550660764652612
K2S6Y4,-3.321928094887362,23.988847424801186
K2RRJ6,-3.321928094887362,23.059059771991144
K2S2S4,-3.321928094887362,23.360413740059883
K2RK68,-3.321928094887362,23.580386350742835
K2SBU8,-3.321928094887362,22.12811958768029
K2S6K7,-3.321928094887362,23.323546298164956
K2R9I1,-3.321928094887362,22.793145746158714
K2RVZ2,-3.321928094887362,23.448827841407294
K2RW61,-3.321928094887362,22.597861149945793
K2SLJ3,-3.321928094887362,22.99478461971307
K2S968,-3.321928094887362,23.102158319108852
K2RBG8,-3.321928094887362,21.67190318870324
K2S9S8,-3.321928094887362,22.850992236434855
K2S584,-3.321928094887362,23.12094758955516
K2SBC0,-3.321928094887362,22.33277336362498
K2SQW2,-3.321928094887362,21.459535713114043
K2RHX0,-3.321928094887362,22.902743602174773
K2RE11,-3.321928094887362,21.86326416632605
K2RIP1,-3.321928094887362,24.897132052815298
K2S518,-3.321928094887362,21.46097560256647
K2RBR1,-3.321928094887362,23.416011984559645
K2S0L3,-3.321928094887362,21.90424386402847
K2R7I9,-3.321928094887362,21.94375417794654
K2RWL4,-3.321928094887362,21.712992488071098
K2R6K7,-3.321928094887362,21.41878444162818
K2STT8,-3.321928094887362,22.4144588220288
K2RXQ2,-3.321928094887362,21.513015690280866
K2S724,-3.321928094887362,21.228479532414138
K2SUY9,-3.321928094887362,21.473462286659785
K2R4Y3,-3.321928094887362,21.461899413194647
K2S399,-3.321928094887362,20.99041623571696
K2QZD2,-3.321928094887362,21.63707778345506
K2S2L9,-3.321928094887362,22.09886627679042
K2RQS3,-3.321928094887362,21.629429517919625
K2SSD5,-3.321928094887362,23.340855751612352
K2RBI3,-3.321928094887362,21.265365271071396
K2RKZ2,-3.321928094887362,22.947023782346413
K2S5W4,-3.321928094887362,21.7203089080705
K2S2D8,-3.321928094887362,23.279242023456167
K2R029,-3.321928094887362,21.278121357813855
K2S1T4,-3.321928094887362,21.596040081804475
K2SSF0,-3.321928094887362,20.98696938191021
K2RID0,-3.321928094887362,21.330042367300948
K2SGW5,-3.321928094887362,21.175308691013875
K2RK12,-3.321928094887362,21.72436724824247
K2RDG4,-3.321928094887362,20.10021456712805
K2RHJ5,-3.321928094887362,20.82430188103541
K2RN49,-3.321928094887362,20.928029473954382
K2SE13,-3.321928094887362,21.500690556513543
K2RBT3,-3.321928094887362,20.01983459624323
K2RPG5,-3.321928094887362,22.32487919571993
K2S1U2,-3.321928094887362,23.64423182941507
K2RQP8,-3.321928094887362,20.995425951238854
K2S2B1,-3.321928094887362,20.293124888755788
K2RDY2,-3.321928094887362,22.35363642445939
K2QTS3,-3.321928094887362,20.758909053854737
K2R498,-3.321928094887362,20.178794662518417
K2S2I6,-3.321928094887362,20.430400593425137
K2SCI0,-3.321928094887362,20.443864777647633
K2QYR6,-3.321928094887362,21.343991514351757
K2RF82,-3.321928094887362,20.512706288178606
K2SMU3,-3.321928094887362,21.079078779659444
K2SDQ0,-3.321928094887362,22.12604751972
K2RK67,-3.321928094887362,19.8449171478425
K2RHU9,-3.321928094887362,20.445762670512377
K2RH46,-3.321928094887362,20.930146740152313
K2RAG2,-3.321928094887362,22.79891779246435
K2RLW1,-3.321928094887362,21.273911016664627
K2RPY7,-3.321928094887362,21.639559571181934
K2SBW1,-3.321928094887362,19.356447392546198
K2R7H7,-3.321928094887362,21.091394631839446
K2SIL9,-3.321928094887362,21.486309362361634
K2R692,-3.321928094887362,19.51150431972915
K2QVY6,-3.321928094887362,20.49609878882593
K2RL26,-3.321928094887362,19.464619850647225
K2S174,-3.321928094887362,21.263321537788155
K2RXV9,-3.321928094887362,20.48041760733746
K2QR09,-3.321928094887362,20.78745447038946
K2RKH2,-3.321928094887362,21.16974653794165
K2QLM3,-3.321928094887362,20.492772917294136
K2S9V7,-3.321928094887362,19.953353216505516
K2RNC7,-3.321928094887362,19.530057958859196
K2QW82,-3.321928094887362,21.405072043248065
K2S738,-3.321928094887362,20.856667389599565
K2REG2,-3.321928094887362,21.475491504878494
K2REE3,-3.321928094887362,18.88125573715428
K2RJ86,-3.321928094887362,19.931254446846594
K2S8N4,-3.321928094887362,20.992737063876657
K2R2V2,-3.321928094887362,20.400416780743097
K2S8Z6,-3.321928094887362,19.42680686627291
K2RNB9,-3.321928094887362,19.33011171641845
K2RBL7,-3.321928094887362,21.44490840075222
K2RYN9,-3.321928094887362,20.712827838595686
K2QS10,-3.321928094887362,20.160996669425582
K2S5R7,-3.321928094887362,20.50176804454358
K2S9Y0,-3.321928094887362,20.68622914356525
K2SSJ3,-3.321928094887362,22.395327687328308
K2RBV4,-3.321928094887362,20.62214416745936
K2S951,-3.321928094887362,19.821284175961104
K2S6Y6,-3.321928094887362,20.491038429520902
K2R1I4,-3.321928094887362,18.515145963128173
K2S2W0,-3.321928094887362,21.288716114584535
K2RLQ3,-3.321928094887362,20.4161773268504
K2SDF9,-3.321928094887362,21.16770358988894
K2QPF0,-3.321928094887362,20.638637560870222
K2SRY6,-3.321928094887362,19.469379114574103
K2RWK6,-3.321928094887362,18.540747747355688
K2SL91,-3.321928094887362,17.84250410934111
K2R291,-3.321928094887362,21.93374613877104
K2RGG5,-3.321928094887362,19.65291466065451
K2QP39,-3.321928094887362,20.59950086961591
K2RFZ1,-3.321928094887362,20.76877821513507
K2RIE7,-3.321928094887362,19.787454408944296
K2RZ98,-3.321928094887362,21.772939071231576
K2T0L3,-3.321928094887362,21.519358643669047
K2S9X2,-3.321928094887362,19.442383428245087
K2RAL3,-3.321928094887362,21.709220130503954
K2R7K1,-3.321928094887362,20.312866831261882
K2RB31,-3.321928094887362,18.48014661692882
K2RGH7,-3.321928094887362,20.81012936884382
K2S0X9,-3.321928094887362,19.5520926120458
K2RSK5,-3.321928094887362,20.109589573583186
K2RX09,-3.321928094887362,20.305026243642335
K2R3M2,-3.321928094887362,17.848036649127994
K2RTD3,-3.321928094887362,19.973463758954527
K2RC15,-3.321928094887362,19.644099674417564
K2R9D0,-3.321928094887362,17.708106200660428
K2QWN3,-3.321928094887362,19.928446241901295
K2RCK6,-3.321928094887362,19.246280860929126
K2RIP6,-3.321928094887362,18.77764239866896
K2RN50,-3.321928094887362,17.196973030875682
K2S8U3,-3.321928094887362,19.123460368341917
K2RD01,-3.321928094887362,18.627165075455203
K2RD31,-3.321928094887362,19.891093464655764
K2RER7,-3.321928094887362,18.63165382207284
K2S7J4,-3.321928094887362,18.644198930203
K2S5V8,-3.321928094887362,18.26412269410739
K2S610,-3.321928094887362,17.81170913106887
K2RYV8,-3.321928094887362,20.95765149708601
K2RH66,-3.321928094887362,18.599652553048138
K2RTS7,-3.321928094887362,21.46301350722075
K2R8M4,-3.321928094887362,18.2527175325916
K2SBM1,-3.321928094887362,17.928828637915878
K2RPF2,-3.321928094887362,19.389406897763923
K2RX85,-3.321928094887362,19.059481185291745
K2RMZ7,-3.321928094887362,22.501131149127488
K2S1Y5,-3.321928094887362,18.525563687536415
K2S6S9,-3.321928094887362,17.961430323099155
K2RE08,-3.321928094887362,18.030744044224612
K2RTQ1,-3.321928094887362,19.091578666514646
K2S5Y0,-3.321928094887362,19.81489499023556
K2S6F3,-3.321928094887362,19.55742344055559
K2S169,-3.321928094887362,18.87286218208784
K2SHI2,-3.321928094887362,17.648074998906665
K2RSG6,-3.321928094887362,16.925840327341334
K2RWR5,-3.321928094887362,18.507032977737097
K2RIF4,-3.321928094887362,15.98619771888018
K2SCH2,-3.321928094887362,16.711991556937704
K2RN85,-3.321928094887362,18.762382481436113
K2SI26,-3.321928094887362,21.232294278186945
K2SVC8,-3.321928094887362,17.43351186953188
K2RL08,-3.321928094887362,18.67867674564433
K2RUW5,-3.321928094887362,17.02911621576162
K2RDS7,-3.321928094887362,18.593947001585917
K2SMU5,-3.321928094887362,17.748407926952073
K2RNG3,-3.321928094887362,18.018011282418485
K2QZJ3,-3.321928094887362,17.450630796297265
K2R9S8,-3.321928094887362,16.833388758897726
K2RET3,-3.321928094887362,17.777228043770982
K2RLC7,-3.321928094887362,18.495077722984213
K2R1W5,-3.321928094887362,17.924084474644005
K2RVW6,-3.321928094887362,15.4999867217743
K2REA6,-3.321928094887362,17.67168478393268
K2SLY5,-3.321928094887362,18.321299418238166
K2QJZ9,-3.321928094887362,17.613915613693617
K2RY00,-3.321928094887362,16.8234111300598
K2RF41,-3.321928094887362,17.12497829340955
K2S382,-3.321928094887362,18.054718516518875
K2QWY2,-3.321928094887362,18.222680135283014
K2RTT7,-3.321928094887362,16.87629568018714
K2SYM2,-3.321928094887362,17.199378208765932
K2RTL5,-3.321928094887362,18.69719724604373
K2RLG4,-3.321928094887362,17.756335915946007
K2S2P2,-3.321928094887362,17.205586735674515
K2RWX2,-3.321928094887362,17.226534479846393
K2S2G1,-3.321928094887362,17.230916032943437
K2RYT0,-3.321928094887362,20.23679167981025
K2R7N0,-3.321928094887362,16.943191315761606
K2SKB4,-3.321928094887362,17.329258143767312
K2S8Y0,-3.321928094887362,18.11038277107894
K2SB11,-3.321928094887362,15.331427493749251
K2QJS1,-3.321928094887362,16.431895979527734
K2S696,-3.321928094887362,17.703182972786482
K2S632,-3.321928094887362,19.27368352492751
K2RHS0,-3.321928094887362,18.186582265376213
K2S7D0,-3.321928094887362,16.506052470126104
K2REC3,-3.321928094887362,16.3310091985811
K2R751,-3.321928094887362,18.92699111203823
K2SF87,-3.321928094887362,15.84932303474434
K2R2S0,-3.321928094887362,16.579029467186736
K2RZH1,-3.321928094887362,19.693604600578297
K2RJA1,-3.321928094887362,18.224037679591778
K2RF13,-3.321928094887362,16.94144909553987
K2R4F3,-3.321928094887362,15.918085823187111
K2RUG0,-3.321928094887362,15.716039670716293
K2SBW4,-3.321928094887362,15.437204054226383
K2QXG7,-3.321928094887362,14.613220809688768
K2S5H6,-3.321928094887362,14.547593477184384
K2SPE5,-3.321928094887362,16.05478295073846
K2R6L1,-3.321928094887362,15.68895610013138
K2RL22,-3.321928094887362,15.114419681662906
K2RTE6,-3.321928094887362,15.469553616600562
K2RHP6,-3.321928094887362,15.636010696359246
