"id","SrNo","Authors","Institution","Email"
"1",NULL,"Mamta Sharma","International Crops Research Institute for the Semi-Arid Tropics (ICRISAT), Patancheru, Hyderabad, 502324, Telangana, India","mamta.sharma@cgiar.org"
"2",NULL,"Tilak R. Sharma","National Research Centre on Plant Biotechnology, Indian Agricultural Research Institute, Pusa, New Delhi 110 012, India","trsharma@lycos.com"
"3",NULL,"Satinder Kaur Brar","Department of Mycology & Plant Pathology, Institute of Agricultural Sciences, Banaras Hindu University (BHU), Varanasi, India","satinder.brar@ete.inrs.ca"
"4",NULL,"Assar Ali Shah","Institute of Animal Science, Jiangsu Academy of Agricultural Sciences, Nanjing, 210014, PR China","assaralishah@yahoo.com"
"5",NULL,"S. Pande","Delhi University of Technology","s.pande@cgiar.org"
"6",NULL,"Dalibor Zivanov","Institute of Field and Vegetable Crops, Novi Sad, Serbia","dalibor.zivanov@ifvcns.ns.ac.rs"
"7",NULL,"Sunil C. Dubey","Division of Plant Pathology, Indian Agricultural Research Institute, New Delhi, 110012, India","scdube2002@yahoo.co.in"
"8",NULL,"Z. A. Siddiqui","Department of Botany, Aligarh Muslim University, 202 002, Aligarh, India","zaki_63@yahoo.co.in"
"9",NULL,"Dagnachew Bekele","Ethiopian Institute of Agricultural Research, P.O. Box 2003, Addis Ababa, Ethiopia","eyualmzdg@gmail.com"
"10",NULL,"Chris O. Ojiewo","International Crops Research Institute for the Semi-Arid Tropics (ICRISAT) - Ethiopia, Eastern and Southern Africa Research Program, Addis Ababa, Ethiopia","c.ojiewo@cgiar.org"
"11",NULL,"Livinder Kaur","Punjab Agricultural University, Ludhiana 141 004, India","livinderk@rediffmail.com"
"12",NULL,"R. N. Kharwar","Mycopathology Laboratory, Center of Advanced Studies in Botany, Banaras Hindu University, Varanasi - 221 005, India","rnkharwar@yahoo.com"
"13",NULL,"Satish Lodha","ICAR-Central Arid Zone Research Institute, Jodhpur 342003, India","satish_lodha@rediffmail.com"
"14",NULL,"N. Safaie","Department of Plant Pathology, Tarbiat Modares University, Tehran, Iran","nsafaie@modares.ac.ir"
"15",NULL,"H. Manjunatha","Department of Plant Pathology, University of Agriculture Sciences,Gandhi Krishi Vignana Kendra, Bengaluru-560 065, Karnataka, India.","manjupath2010@gmail.com"
"16",NULL,"R.S. Goswami","Department of Plant Pathology, North Dakota State University, 306 Walster Hall, PO Box 6050, Fargo, ND 58108-6050, USA","rubella.s.goswami@usa.dupont.com"
"17",NULL,"Mostafa Darvishnia","Department of Plant Protection, College of Agriculture and Natural Resources, Lorestan University, Khorramabad, Iran","darvishnia.m@lu.ac.ir"
"18",NULL,"Alok K. Srivastava","National Bureau of Agriculturally Important Microorganisms, Kusmaur,P. Box No. 6, Kaithauli, Mau Nath Bhanjan, 275101 India","aloksrivastva@rediffmail.com"
"19",NULL,"K.P. Viswanatha","All India Coordinated Maize Improvement Project, MARS, University of Agricultural Sciences, Dharwad-580 005, Karnataka, India.","kpviswanatha.1955@gmail.com"
"20",NULL,"Hirenallur Chandappa Lohithaswa","Department of Genetics and Plant Breeding, College of Agriculture, V.C. Farm, Mandya 571 405, India","ohithaswa.chandappa@gmail.com"
"21",NULL,"Felipe Rafael Garcés-Fiallos","Universidade Técnica Estatal de Quevedo (UTEQ), Unidade de Pesquisa Científica e Tecnológica, Faculdade de Ciências Agrárias, Quevedo, Los Ríos","felipegarces23@yahoo.com"
"22",NULL,"Sultan Mohammed Yimer","Department of Plant Pathology University of California One Shields Ave, Davis, CA 95616-8680, USA","smyimer@ucdavis.edu"
"23",NULL,"Ali Kareem AL-TAAE","Department of Plant Protection, Agriculture and Forestry College, University of Mosul, Iraq","prof.ali@uomosul.edu.iq"
"24",NULL,"S.K. Chaturvedi","Rani Lakshmi Bai Central Agricultural University, Jhansi 284003, India","deanagriculture@gmail.com"
"25",NULL,"Tilahun Negash","Department of Plant Science, College of Agriculture and Natural Resource, Bonga University, Ethiopia","tilatanejash211@gmail.com"
"26",NULL,"A. Muni Kumari","Department of Genetics and Genomics, Yogi Vemana University, kadapa, India","munikumari29@gmail.com"
"27",NULL,"N. Chiranjeevi","Department of Plant Pathology, S.V. Agricultural College, Tiruapti-517502, Acharya N.G. Ranga Agricultural University, Andhra Pradesh, India","chiranjeeviag09@gmail.com"
"28",NULL,"T. Prameela Devi","Division of Plant Pathology, Indian Agricultural Research Institute, New Delhi - 110 012, India.","trichodbt@gmail.com"
"29",NULL,"J. C. Dhingani","Department of Plant Pathology, College of Agriculture, Junagadh Agricultural University, Keriya Road,Amreli - 365 601 (Gujarat), India..","dhingani.jinesh@gmail.com"
"30",NULL,"C. V. Ambadkar","Department of Plant Pathology, College of Agriculture,Vasantrao Naik Marathwada Krishi Vidyapeeth, Parbhani - 431-402, Maharashtra, India","cv_ambadkar@rediffmail.com"
"31",NULL,"Om Gupta","Department of Plant Pathology, JNKVV, Jabalpur 482 004 (MP)","omgupta_jnkvv@rediffmail.com"
"32",NULL,"Ramesh Nath Gupta","Department of Plant Pathology BAC, Bihar Agricultural University, Sabour, Bhagalpur, India","rameshnathgupta@gmail.com"
"33",NULL,"Laxuman","Zonal Agricultural Research Station, Kalaburagi, Karnataka, 585101, India","laxumanc@uasraichur.edu.in"
"34",NULL,"Jyothi","Department of Plant Pathology, College of Agriculture, UAS, GKVK, Bangalore,India","jyothivpath@gmail.com"
"35",NULL,"Patidar Jagdish Kumar","Department of Plant Pathology, College of Agriculture, Rajmata Vijayaraje Scindia Krishi Vishwa Vidyalaya, Gwalior, 474002, Madhya Pradesh, India","jdsplantpathology@gmail.com"
"36",NULL,"T. Srinivas","Acharya N.G. Ranga Agricultural University, Lam, Guntur(A.P.) India","humati28@gmail.com"
"37",NULL,"SV Manjunatha","University of Agricultural Sciences, College of Agriculture, Raichur, Karnataka","manjunaik2000@yahoo.com"
"38",NULL,"Omyma Elmahi Mohamed","Plant Pathology Program, Agricultural Research Corporation. P.O. Box 126, Wad Medani, Sudan","omymahi@yahoo.com"
"39",NULL,"P.S. More","Department of Plant Pathology, College of Agriculture (Dr. P.D.K.V.), Nagpur (M.S.) India","prem.nath26@yahoo.com"
"40",NULL,"P. Nagamani","Department of Plant Protection, Palli siksha Bavana, Viswava Bharati, Bolpur-731235","manipath28@gmail.com"
"41",NULL,"HB Singh","Department of Mycology and Plant Pathology Institute of Agricultural Sciences, Banaras Hindu University, Varanasi, Uttar Pradesh, India","hbs1@rediffmail.com"
"42",NULL,"A. Trivikrama Reddy","Regional Agricultural Research Station, Acharya N. G. Ranga Agricultural University, Nandyal, Kurnool Dist., A.P.","atr2050@gmail.com"
"43",NULL,"Raju Ghosh","International Crops Research Institute for the Semi- Arid Tropics (ICRISAT), Patancheru 502324, Andhra Pradesh, India.","r.ghosh@cgiar.org"
"45",NULL,"Dr. OP Sharma","Division of Plant Pathology, Rajasthan Agricultural Research Institute Durgapura, Jaipur, Shri Karan Narendra Agriculture University Jobner, Jaipur, Rajasthan","opsharmaskn@gmail.com"
"46",NULL,"KP Smitha","Department of Plant Pathology, TNAU, Coimbatore, Tamil Nadu, India","smitha.kp@kau.in"
"47",NULL,"P. Srinivas","College of Agriculture, PJTSAU, Hyderabad, India","srinisin9686@gmail.com"
"48",NULL,"S. H. Wavare","Department of Plant Pathology, Dr. Panjabrao Deshmukh Krishi Vidyapeeth, Akola (M.S.) 444 104","shiv.wavare@gmail.com"
"49",NULL,"Eswara Reddy, N.P","Acharya N.G. Ranga Agricultural University","eswarnp@yahoo.com"
"50",NULL,"Saxena, Dr. R. D.","RVSKVV, Gwalior","saxenadr@rediffmail.com"
"51",NULL,"Dr. Gururaj Sukad","Univeresity Of Agricultural Sciences, Raichur","deanpgs@uasraichur.edu.in"
"52",NULL,"Prajapati, R.K.","Jawaharlal Nehru Krishi Vishwa Vidyalaya, Jabalpur","ddagridam@mp.gov.in"
"53",NULL,"Latake, S.B.","MPKV, University Library Rahuri","sblatake@yahoo.co.in"
"54",NULL,"Singh, Reeti","RVSKVV, Gwalior(M.P.)","reetinsinghgwalior@gmail.com"
"55",NULL,"Dr. Vikramsinh P. Gohil","Anand Agricultural University, Anand","vpgohil2000@yahoo.com"
"56",NULL,"Saifulla, M.","Univeresity Of Agricultural Sciences GKVK, Bengaluru","saifullasaifulla@rediffmail.com"
"57",NULL,"K. P. Viswanatha","Univeresity Of Agricultural Sciences, Raichur","nviswanathakp55@gmail.com"
"58",NULL,"Eswara Reddy, N.P","Acharya N.G. Ranga Agricultural University","eswarnp@yahoo.com"
"59",NULL,"Saxena, Dr. Moly","RVSKVV, Gwalior (M.P.)","molysaxena@yahoo.com"
"60",NULL,"Srinivas, T","Acharya N.G. Ranga Agricultural University","adr.rarsmtu@angrau.ac.in"
"61",NULL,"Singh, Prof. H.B.","Department of Mycology and Plant Pathology Institute of Agricultural Sciences Banaras Hindu University Varanasi","hbs1@rediffmail.com"
"62",NULL,"GUPTA, Dr. V.R.","Dr. Panjabrao Deshmukh Krishi Vidyapeeth, Akola, Maharashtra.","vinodakola@rediffmail.com"
"63",NULL,"Narayana, Y D","Univeresity Of Agricultural Sciences GKVK, Dharwad","narayanayd@gmail.com"
"64",NULL,"Poornima K Narayana","ICAR-IIPR, Kanpur, India","poornimakn04@gmail.com"
"65",NULL,"Poornima K Narayana","ICAR-IIPR, Kanpur, India","poornimakn04@gmail.com"
"66",NULL,"Muthappa Senthil-Kumar","National Institute of Plant Genome Research, New Delhi, India","skmuthappa@nipgr.ac.in"
