"Sr. no.","Assembly_Name","Assembly_Accession","Pathogen_Name","Strain_Name","BioProject_Accession","BioSample_Accession","Host_name","Location","NCBI_SRA_Accession","Reference"
"1",NULL,NULL,"Macrophomina phaseolina","ITCC9495","PRJNA1198842","SAMN45853423","Chickpea (Cicer arietinum)","Jaipur, India","SRR31729913","Mirchandani and Kumar (unpublished)"
"2",NULL,NULL,"Macrophomina phaseolina","ITCC9496","PRJNA1198842","SAMN45853422","Chickpea (Cicer arietinum)","Chikkabalapur, India","SRR31729914","Mirchandani and Kumar (unpublished)"
"3",NULL,NULL,"Macrophomina phaseolina","ITCC9497","PRJNA1198842","SAMN45853421","Chickpea (Cicer arietinum)","Dharwad, India","SRR31729915","Mirchandani and Kumar (unpublished)"
"4",NULL,NULL,"Macrophomina phaseolina","ITCC9499","PRJNA1198842","SAMN45853420","Chickpea (Cicer arietinum)","Andhra, India","SRR31729916","Mirchandani and Kumar (unpublished)"
"5",NULL,NULL,"Macrophomina phaseolina","ITCC9498","PRJNA1198842","SAMN45853419","Chickpea (Cicer arietinum)","Akola, India","SRR31729917","Mirchandani and Kumar (unpublished)"
"6","ASM4766701v1","GCA_047667015.1","Macrophomina euphorbiicola","ARM498","PRJNA953043","SAMN41017257","Sweet potato (Ipomoea batatas)","Minas Gerais, Brazil","SRR28763094","Pennerman et al., 2025"
"7","ASM4766686v1","GCA_047666865.1","Macrophomina pseudophaseolina","ARM210","PRJNA953043","SAMN41017258","Cassava (Manihot esculenta)","Minas Gerais, Brazil","SRR28763093","Pennerman et al., 2025"
"8","ASM4772427v1","GCA_047724275.1","Macrophomina phaseolina","CBS 205.47","PRJNA953043","SAMN34104635","Common bean (Phaseolus vulgaris)","Italy","SRR24188658","Pennerman et al., 2025"
"9","ASM4783708v1","GCA_047837085.1","Macrophomina pseudophaseolina","CBS 137165","PRJNA953043","SAMN34104649","Peanut (Arachis hypogaea)","Senegal","SRR24188514","Pennerman et al., 2025"
"10","ASM4772935v1","GCA_047729355.1","Macrophomina tecta","70781","PRJNA953043","SAMN34104905","Sorghum (Sorghum bicolor )","Queensland, Australia","SRR24188539","Pennerman et al., 2025"
"11","ASM4784162v1","GCA_047841625.1","Macrophomina phaseolina","BRIP 45142 a","PRJNA953043","SAMN34104858","Common bean (Phaseolus vulgaris)","Queensland, Australia","SRR24188345","Pennerman et al., 2025"
"12","ASM4767119v1","GCA_047671195.1","Macrophomina phaseolina","NQS10","PRJNA953043","SAMN42385489",NULL,NULL,NULL,"Pennerman et al., 2025"
"13","ASM4766900v1","GCA_047669005.1","Macrophomina phaseolina","PJ19","PRJNA953043","SAMN42385509",NULL,NULL,NULL,"Pennerman et al., 2025"
"14","ASM4784194v1","GCA_047841945.1","Macrophomina phaseolina","BRIP 68050 a","PRJNA953043","SAMN34104887","Strawberry (Fragaria x ananassa)","Queensland, Australia","SRR24188558","Pennerman et al., 2025"
"15","ASM4784245v1","GCA_047842455.1","Macrophomina phaseolina","F382","PRJNA953043","SAMN34104911","Spikenard (Aralia sp.)","., Israel","SRR24188532","Pennerman et al., 2025"
"16","ASM4783559v1","GCA_047835595.1","Macrophomina phaseolina","MAC14-15","PRJNA953043","SAMN34104599","Pistachio (Pistacia vera)","California, USA","SRR24188621","Pennerman et al., 2025"
"17","ASM4784472v1","GCA_047844725.1","Macrophomina phaseolina","Mph_53_R1","PRJNA953043","SAMN34104948","Common bean (Phaseolus vulgaris)","Magdalena, Colombia","SRR24188683","Pennerman et al., 2025"
"18","ASM4766777v1","GCA_047667775.1","Macrophomina phaseolina","M17","PRJNA953043","SAMN42385526",NULL,NULL,NULL,"Pennerman et al., 2025"
"19","ASM4766791v1","GCA_047667915.1","Macrophomina phaseolina","Ygatymi 1","PRJNA953043","SAMN42385521",NULL,NULL,NULL,"Pennerman et al., 2025"
"20","ASM4784048v1","GCA_047840485.1","Macrophomina phaseolina","M.5 mono 4","PRJNA953043","SAMN34104780","Strawberry (Fragaria x ananassa)","Huelva, Spain","SRR24188368","Pennerman et al., 2025"
"21","ASM4784174v1","GCA_047841745.1","Macrophomina phaseolina","BRIP 55111 a","PRJNA953043","SAMN34104867","Mung bean (Vigna radiata )","Queensland, Australia","SRR24188335","Pennerman et al., 2025"
"22","ASM4766787v1","GCA_047667875.1","Macrophomina phaseolina","M7","PRJNA953043","SAMN42385523",NULL,NULL,NULL,"Pennerman et al., 2025"
"23","ASM4784480v1","GCA_047844805.1","Macrophomina phaseolina","Mph_54_R1","PRJNA953043","SAMN34104949","Common bean (Phaseolus vulgaris)","Magdalena, Colombia","SRR24188682","Pennerman et al., 2025"
"24","ASM4772819v1","GCA_047728195.1","Macrophomina phaseolina","158","PRJNA953043","SAMN34104739","Strawberry (Fragaria x ananassa)","California, USA","SRR24188595","Pennerman et al., 2025"
"25","ASM4772893v1","GCA_047728935.1","Macrophomina phaseolina","S65","PRJNA953043","SAMN34104840","Strawberry (Fragaria x ananassa)","Victoria, Australia","SRR24188451","Pennerman et al., 2025"
"26","ASM4772863v1","GCA_047728635.1","Macrophomina phaseolina","M.16","PRJNA953043","SAMN34104784","Strawberry (Fragaria x ananassa)","Huelva, Spain","SRR24188364","Pennerman et al., 2025"
"27","ASM4783852v1","GCA_047838525.1","Macrophomina phaseolina","2019-395","PRJNA953043","SAMN34104681","Strawberry (Fragaria x ananassa)","Florida, USA","SRR24188383","Pennerman et al., 2025"
"28","ASM4784029v1","GCA_047840295.1","Macrophomina phaseolina","253","PRJNA953043","SAMN34104754","Clover (Trifolium sp.)","California, USA","SRR24188483","Pennerman et al., 2025"
"29","ASM4784111v1","GCA_047841115.1","Macrophomina phaseolina","245939","PRJNA953043","SAMN34104827","Chinese licorice (Glycyrrhiza uralensis)","Kagoshima, Japan","SRR24188561","Pennerman et al., 2025"
"30","ASM4784148v1","GCA_047841485.1","Macrophomina phaseolina","BRIP 25702 a","PRJNA953043","SAMN34104847","Waxflower (Chamaelaucium uncinatum)","Queensland, Australia","SRR24188443","Pennerman et al., 2025"
"31","ASM4766630v1","GCA_047666305.1","Macrophomina phaseolina","M23","PRJNA953043","SAMN42385529",NULL,NULL,NULL,"Pennerman et al., 2025"
"32","ASM4784158v1","GCA_047841585.1","Macrophomina phaseolina","BRIP 39904 a","PRJNA953043","SAMN34104854","Pepper (Capsicum anuum)","Queensland, Australia","SRR24188436","Pennerman et al., 2025"
"33","ASM4784079v1","GCA_047840795.1","Macrophomina phaseolina","ARG-21","PRJNA953043","SAMN34104802","Blueberry (Vaccinium sect. cyanococcus)","., Argentina","SRR24188589","Pennerman et al., 2025"
"34","ASM4783698v1","GCA_047836985.1","Macrophomina phaseolina","CBS 228.33","PRJNA953043","SAMN34104644","Pigeon pea (Cajanus cajan)","., Sri Lanka","SRR24188520","Pennerman et al., 2025"
"35","ASM4784126v1","GCA_047841265.1","Macrophomina phaseolina","VPRI 44159","PRJNA953043","SAMN34104835","Strawberry (Fragaria x ananassa)","Victoria, Australia","SRR24188457","Pennerman et al., 2025"
"36","ASM4784049v1","GCA_047840495.1","Macrophomina phaseolina","M.6 mono 3","PRJNA953043","SAMN34104781","Strawberry (Fragaria x ananassa)","Huelva, Spain","SRR24188367","Pennerman et al., 2025"
"37","ASM4783825v1","GCA_047838255.1","Macrophomina phaseolina","2016-355","PRJNA953043","SAMN34104668","Strawberry (Fragaria x ananassa)","Florida, USA","SRR24188397","Pennerman et al., 2025"
"38","ASM4784170v1","GCA_047841705.1","Macrophomina phaseolina","BRIP 53640 a","PRJNA953043","SAMN34104864","Narrowleaved paperbark (Melaleuca alternifolia )","Queensland, Australia","SRR24188339","Pennerman et al., 2025"
"39","ASM4772823v1","GCA_047728235.1","Macrophomina phaseolina","165","PRJNA953043","SAMN34104744","Strawberry (Fragaria x ananassa)","California, USA","SRR24188494","Pennerman et al., 2025"
"40","ASM4784172v1","GCA_047841725.1","Macrophomina phaseolina","BRIP 58075 c","PRJNA953043","SAMN34104869","Strawberry (Fragaria x ananassa)","Western Australia, Australia","SRR24188333","Pennerman et al., 2025"
"41","ASM4784164v1","GCA_047841645.1","Macrophomina phaseolina","BRIP 39905 a","PRJNA953043","SAMN34104855","Pepper (Capsicum anuum)","Queensland, Australia","SRR24188435","Pennerman et al., 2025"
"42","ASM4783597v1","GCA_047835975.1","Macrophomina phaseolina","CBS 457.70","PRJNA953043","SAMN34104632","Mung bean (Phaseolus aureus)","., Denmark","SRR24188661","Pennerman et al., 2025"
"43","ASM4772895v1","GCA_047728955.1","Macrophomina phaseolina","BRIP 29123 a","PRJNA953043","SAMN34104849","Peanut (Arachis hypogaea)","Queensland, Australia","SRR24188441","Pennerman et al., 2025"
"44","ASM4784124v1","GCA_047841245.1","Macrophomina phaseolina","VPRI 44164","PRJNA953043","SAMN34104833","Strawberry (Fragaria x ananassa)","Victoria, Australia","SRR24188459","Pennerman et al., 2025"
"45","ASM4784197v1","GCA_047841975.1","Macrophomina phaseolina","BRIP 68047 a","PRJNA953043","SAMN34104885","Strawberry (Fragaria x ananassa)","Queensland, Australia","SRR24188690","Pennerman et al., 2025"
"46","ASM4784090v1","GCA_047840905.1","Macrophomina phaseolina","TOR-959","PRJNA953043","SAMN34104809","Chickpea (Cicer arietinum )","., Spain","SRR24188581","Pennerman et al., 2025"
"47","ASM4784072v1","GCA_047840725.1","Macrophomina phaseolina","ARG-17","PRJNA953043","SAMN34104799","Sunflower (Helianthus annuus)","., Argentina","SRR24188592","Pennerman et al., 2025"
"48","ASM4772453v1","GCA_047724535.1","Macrophomina phaseolina","2017-30","PRJNA953043","SAMN34104674","Strawberry (Fragaria x ananassa)","Florida, USA","SRR24188391","Pennerman et al., 2025"
"49","ASM4784132v1","GCA_047841325.1","Macrophomina phaseolina","VPRI 42774","PRJNA953043","SAMN34104843","Onion (Allium cepa )","Victoria, Australia","SRR24188448","Pennerman et al., 2025"
"50","ASM4784083v1","GCA_047840835.1","Macrophomina phaseolina","TOR-891","PRJNA953043","SAMN34104807","Hemp (Cannabis sativa)","., Spain","SRR24188583","Pennerman et al., 2025"
"51","ASM4783726v1","GCA_047837265.1","Macrophomina phaseolina","2001-207","PRJNA953043","SAMN34104654","Strawberry (Fragaria x ananassa)","Florida, USA","SRR24188509","Pennerman et al., 2025"
"52","ASM4783549v1","GCA_047835495.1","Macrophomina phaseolina","Spence SB MP","PRJNA953043","SAMN34104586","Strawberry (Fragaria x ananassa)","California, USA","SRR24188656","Pennerman et al., 2025"
"53","ASM4784491v1","GCA_047844915.1","Macrophomina phaseolina","UPR_Mph_JD3_R1","PRJNA953043","SAMN34104956","Common bean (Phaseolus vulgaris)","Puerto Rico, USA","SRR24188674","Pennerman et al., 2025"
"54","ASM4784142v1","GCA_047841425.1","Macrophomina phaseolina","BRIP 15497 a","PRJNA953043","SAMN34104845","Pigeon pea (Cajanus cajan)","Queensland, Australia","SRR24188446","Pennerman et al., 2025"
"55","ASM4783805v1","GCA_047838055.1","Macrophomina phaseolina","2012-492","PRJNA953043","SAMN34104664","Strawberry (Fragaria x ananassa)","Florida, USA","SRR24188498","Pennerman et al., 2025"
"56","ASM4784134v1","GCA_047841345.1","Macrophomina phaseolina","VPRI 42383","PRJNA953043","SAMN34104841","Almond (Prunus dulcis)","Victoria, Australia","SRR24188450","Pennerman et al., 2025"
"57","ASM4772919v1","GCA_047729195.1","Macrophomina phaseolina","BRIP 65267 a","PRJNA953043","SAMN34104876","Muskmelon (Cucumis melo)","Queensland, Australia","SRR24188325","Pennerman et al., 2025"
"58","ASM4772889v1","GCA_047728895.1","Macrophomina phaseolina","VPRI 44158","PRJNA953043","SAMN34104839","Strawberry (Fragaria x ananassa)","Victoria, Australia","SRR24188452","Pennerman et al., 2025"
"59","ASM4783827v1","GCA_047838275.1","Macrophomina phaseolina","2016-358","PRJNA953043","SAMN34104669","Strawberry (Fragaria x ananassa)","Florida, USA","SRR24188396","Pennerman et al., 2025"
"60","ASM4784489v1","GCA_047844895.1","Macrophomina phaseolina","UPR_Mph_JD1_R1","PRJNA953043","SAMN34104955","Common bean (Phaseolus vulgaris)","Puerto Rico, USA","SRR24188676","Pennerman et al., 2025"
"61","ASM4784021v1","GCA_047840215.1","Macrophomina phaseolina","192","PRJNA953043","SAMN34104748","Sunflower (Helianthus annuus)","California, USA","SRR24188489","Pennerman et al., 2025"
"62","ASM4784156v1","GCA_047841565.1","Macrophomina phaseolina","BRIP 39348 a","PRJNA953043","SAMN34104853","Sunflower (Helianthus annuus)","Queensland, Australia","SRR24188437","Pennerman et al., 2025"
"63","ASM4784188v1","GCA_047841885.1","Macrophomina phaseolina","BRIP 68027 a","PRJNA953043","SAMN34104881","Strawberry (Fragaria x ananassa)","Queensland, Australia","SRR24188694","Pennerman et al., 2025"
"64","ASM4784234v1","GCA_047842345.1","Macrophomina phaseolina","BRIP 69721 a","PRJNA953043","SAMN34104899","Sunn hemp (Crotalaria juncea )","Queensland, Australia","SRR24188545","Pennerman et al., 2025"
"65","ASM4783688v1","GCA_047836885.1","Macrophomina phaseolina","CBS 271.34","PRJNA953043","SAMN34104640","Chrysanthemum (Chrysanthemum sp.)","Missouri, USA","SRR24188524","Pennerman et al., 2025"
"66","ASM4772909v1","GCA_047729095.1","Macrophomina phaseolina","BRIP 54886 b","PRJNA953043","SAMN34104865","Chickpea (Cicer arietinum )","Queensland, Australia","SRR24188338","Pennerman et al., 2025"
"67","ASM4784144v1","GCA_047841445.1","Macrophomina phaseolina","BRIP 5297 a","PRJNA953043","SAMN34104844","Onion (Allium cepa )","Queensland, Australia","SRR24188447","Pennerman et al., 2025"
"68","ASM4784130v1","GCA_047841305.1","Macrophomina phaseolina","VPRI 44160","PRJNA953043","SAMN34104836","Strawberry (Fragaria x ananassa)","Victoria, Australia","SRR24188455","Pennerman et al., 2025"
"69","ASM4783930v1","GCA_047839305.1","Macrophomina phaseolina","2019-417","PRJNA953043","SAMN34104682","Strawberry (Fragaria x ananassa)","Florida, USA","SRR24188382","Pennerman et al., 2025"
"70","ASM4784052v1","GCA_047840525.1","Macrophomina phaseolina","M.21","PRJNA953043","SAMN34104789","Blueberry (Vaccinium sect. cyanococcus)","Huelva, Spain","SRR24188357","Pennerman et al., 2025"
"71","ASM4784041v1","GCA_047840415.1","Macrophomina phaseolina","1185","PRJNA953043","SAMN34104771","Giant sequoia (Sequoiadendron giganteum)","California, USA","SRR24188378","Pennerman et al., 2025"
"72","ASM4784007v1","GCA_047840075.1","Macrophomina phaseolina","2","PRJNA953043","SAMN34104737","Strawberry (Fragaria x ananassa)","California, USA","SRR24188597","Pennerman et al., 2025"
"73","ASM4784102v1","GCA_047841025.1","Macrophomina phaseolina","MpCh23Mel","PRJNA953043","SAMN34104813","Muskmelon (Cucumis melo)","., Chile","SRR24188577","Pennerman et al., 2025"
"74","ASM4771742v1","GCA_047717425.1","Macrophomina phaseolina","DSA 20-006","PRJNA953043","SAMN34104631","Strawberry (Fragaria x ananassa)","California, USA","SRR24188662","Pennerman et al., 2025"
"75","ASM4772899v1","GCA_047728995.1","Macrophomina phaseolina","BRIP 46337 a","PRJNA953043","SAMN34104859","Grapefruit (Citrus paradisi )","Queensland, Australia","SRR24188344","Pennerman et al., 2025"
"76","ASM4783596v1","GCA_047835965.1","Macrophomina phaseolina","DSA 15-056","PRJNA953043","SAMN34104627","Strawberry (Fragaria x ananassa)","California, USA","SRR24188666","Pennerman et al., 2025"
"77","ASM4772807v1","GCA_047728075.1","Macrophomina phaseolina","1068A petiole","PRJNA953043","SAMN34104728","Strawberry (Fragaria x ananassa)","Baja, Mexico","SRR24188607","Pennerman et al., 2025"
"78","ASM4783564v1","GCA_047835645.1","Macrophomina phaseolina","MPH2","PRJNA953043","SAMN34104609",NULL,NULL,NULL,"Pennerman et al., 2025"
"79","ASM4783848v1","GCA_047838485.1","Macrophomina phaseolina","2017-140","PRJNA953043","SAMN34104676","Strawberry (Fragaria x ananassa)","Florida, USA","SRR24188388","Pennerman et al., 2025"
"80","ASM4784202v1","GCA_047842025.1","Macrophomina phaseolina","BRIP 68234 a","PRJNA953043","SAMN34104894","Strawberry (Fragaria x ananassa)","Queensland, Australia","SRR24188551","Pennerman et al., 2025"
"81","ASM4783823v1","GCA_047838235.1","Macrophomina phaseolina","2014-675","PRJNA953043","SAMN34104666","Periwinkle (Vinca sp.)","Florida, USA","SRR24188399","Pennerman et al., 2025"
"82","ASM4784192v1","GCA_047841925.1","Macrophomina phaseolina","BRIP 68042 a","PRJNA953043","SAMN34104884","Strawberry (Fragaria x ananassa)","Queensland, Australia","SRR24188691","Pennerman et al., 2025"
"83","ASM4772911v1","GCA_047729115.1","Macrophomina phaseolina","BRIP 64989 a","PRJNA953043","SAMN34104874","Lupin (Lupinus albus )","Queensland, Australia","SRR24188328","Pennerman et al., 2025"
"84","ASM4772811v1","GCA_047728115.1","Macrophomina phaseolina","1069A roots","PRJNA953043","SAMN34104732","Strawberry (Fragaria x ananassa)","Baja, Mexico","SRR24188603","Pennerman et al., 2025"
"85","ASM4784081v1","GCA_047840815.1","Macrophomina phaseolina","TOR-102","PRJNA953043","SAMN34104803","Soil (soil)","., Spain","SRR24188588","Pennerman et al., 2025"
"86","ASM4784034v1","GCA_047840345.1","Macrophomina phaseolina","496","PRJNA953043","SAMN34104759","Basil (Ocimum basilicum)","California, USA","SRR24188477","Pennerman et al., 2025"
"87","ASM4784175v1","GCA_047841755.1","Macrophomina phaseolina","BRIP 58306 b","PRJNA953043","SAMN34104870","Soybean (Glycine max)","Queensland, Australia","SRR24188332","Pennerman et al., 2025"
"88","ASM4784460v1","GCA_047844605.1","Macrophomina phaseolina","Mph_27_R1","PRJNA953043","SAMN34104940","Common bean (Phaseolus vulgaris)","Valle del Cauca, Colombia","SRR24188404","Pennerman et al., 2025"
"89","ASM4784136v1","GCA_047841365.1","Macrophomina phaseolina","VPRI 44161","PRJNA953043","SAMN34104837","Strawberry (Fragaria x ananassa)","Victoria, Australia","SRR24188454","Pennerman et al., 2025"
"90","ASM4783845v1","GCA_047838455.1","Macrophomina phaseolina","2017-2","PRJNA953043","SAMN34104673","Strawberry (Fragaria x ananassa)","Florida, USA","SRR24188392","Pennerman et al., 2025"
"91","ASM4784006v1","GCA_047840065.1","Macrophomina phaseolina","1070B petiole","PRJNA953043","SAMN34104736","Strawberry (Fragaria x ananassa)","Baja, Mexico","SRR24188598","Pennerman et al., 2025"
"92","ASM4772445v1","GCA_047724455.1","Macrophomina phaseolina","2012-467","PRJNA953043","SAMN34104663","Strawberry (Fragaria x ananassa)","Florida, USA","SRR24188499","Pennerman et al., 2025"
"93","ASM4784024v1","GCA_047840245.1","Macrophomina phaseolina","212","PRJNA953043","SAMN34104751","Geranium (Geranium sp.)","California, USA","SRR24188486","Pennerman et al., 2025"
"94","ASM4783595v1","GCA_047835955.1","Macrophomina phaseolina","DSA 16-031","PRJNA953043","SAMN34104628","Strawberry (Fragaria x ananassa)","California, USA","SRR24188665","Pennerman et al., 2025"
"95","ASM4772921v1","GCA_047729215.1","Macrophomina phaseolina","BRIP 68038 a","PRJNA953043","SAMN34104882","Strawberry (Fragaria x ananassa)","Queensland, Australia","SRR24188693","Pennerman et al., 2025"
"96","ASM4772785v1","GCA_047727855.1","Macrophomina phaseolina","TN-412","PRJNA953043","SAMN34104710","Maize (Zea mays)","Tennessee, USA","SRR24188627","Pennerman et al., 2025"
"97","ASM4783563v1","GCA_047835635.1","Macrophomina phaseolina","MAC15-95","PRJNA953043","SAMN34104604","Almond (Prunus dulcis)","California, USA","SRR24188470","Pennerman et al., 2025"
"98","ASM4784070v1","GCA_047840705.1","Macrophomina phaseolina","M.47","PRJNA953043","SAMN34104797","Rosemary (Salvia rosmarinus)","Huelva, Spain","SRR24188348","Pennerman et al., 2025"
"99","ASM4784186v1","GCA_047841865.1","Macrophomina phaseolina","BRIP 67978 a","PRJNA953043","SAMN34104878","Strawberry (Fragaria x ananassa)","Western Australia, Australia","SRR24188323","Pennerman et al., 2025"
"100","ASM4784054v1","GCA_047840545.1","Macrophomina phaseolina","M.19","PRJNA953043","SAMN34104787","Blueberry (Vaccinium sect. cyanococcus)","Huelva, Spain","SRR24188359","Pennerman et al., 2025"
"101","ASM4772456v1","GCA_047724565.1","Macrophomina phaseolina","2019-384","PRJNA953043","SAMN34104679","Strawberry (Fragaria x ananassa)","Florida, USA","SRR24188385","Pennerman et al., 2025"
"102","ASM4772815v1","GCA_047728155.1","Macrophomina phaseolina","1068B petiole","PRJNA953043","SAMN34104730","Strawberry (Fragaria x ananassa)","Baja, Mexico","SRR24188605","Pennerman et al., 2025"
"103","ASM4772915v1","GCA_047729155.1","Macrophomina phaseolina","BRIP 68052 a","PRJNA953043","SAMN34104888","Sorghum (Sorghum sp. )","Queensland, Australia","SRR24188557","Pennerman et al., 2025"
"104","ASM4766671v1","GCA_047666715.1","Macrophomina phaseolina","CMM4034","PRJNA953043","SAMN41017263","Sunflower (Helianthus annuus)","Paraíba, Brazil","SRR28763107","Pennerman et al., 2025"
"105","ASM4784146v1","GCA_047841465.1","Macrophomina phaseolina","BRIP 25715 a","PRJNA953043","SAMN34104848","Pepper (Capsicum anuum)","Queensland, Australia","SRR24188442","Pennerman et al., 2025"
"106","ASM4772931v1","GCA_047729315.1","Macrophomina phaseolina","BRIP 68233 a","PRJNA953043","SAMN34104893","Strawberry (Fragaria x ananassa)","Queensland, Australia","SRR24188552","Pennerman et al., 2025"
"107","ASM4784062v1","GCA_047840625.1","Macrophomina phaseolina","M.26","PRJNA953043","SAMN34104792","Blueberry (Vaccinium sect. cyanococcus)","Huelva, Spain","SRR24188354","Pennerman et al., 2025"
"108","ASM4784056v1","GCA_047840565.1","Macrophomina phaseolina","M.11 mono 2","PRJNA953043","SAMN34104782","Blueberry (Vaccinium sect. cyanococcus)","Huelva, Spain","SRR24188366","Pennerman et al., 2025"
"109","ASM4772855v1","GCA_047728555.1","Macrophomina phaseolina","SAC-P5","PRJNA953043","SAMN34104779","Strawberry (Fragaria x ananassa)","California, USA","SRR24188369","Pennerman et al., 2025"
"110","ASM4784125v1","GCA_047841255.1","Macrophomina phaseolina","238570","PRJNA953043","SAMN34104831","Oca (Oxalis tuberosa)","Kagawa, Japan","SRR24188461","Pennerman et al., 2025"
"111","ASM4767001v1","GCA_047670015.1","Macrophomina phaseolina","NQS22","PRJNA953043","SAMN42385493",NULL,NULL,NULL,"Pennerman et al., 2025"
"112","ASM4784470v1","GCA_047844705.1","Macrophomina phaseolina","Mph_46_R1","PRJNA953043","SAMN34104945","Common bean (Phaseolus vulgaris)","Cauca, Colombia","SRR24188687","Pennerman et al., 2025"
"113","ASM4783943v1","GCA_047839435.1","Macrophomina phaseolina","TN-293","PRJNA953043","SAMN34104693","Winter squash (Cucurbita sp.)","Tennessee, USA","SRR24188646","Pennerman et al., 2025"
"114","ASM4856908v1","GCA_048569085.1","Macrophomina phaseolina","GB-MP-3 (","PRJNA953043","SAMN34104607","Chickpea (Cicer arietinum )","California, USA","SRR24188350","Pennerman et al., 2025"
"115","ASM4784228v1","GCA_047842285.1","Macrophomina phaseolina","BRIP 68350 a","PRJNA953043","SAMN34104898","Strawberry (Fragaria x ananassa)","Queensland, Australia","SRR24188546","Pennerman et al., 2025"
"116","ASM4784464v1","GCA_047844645.1","Macrophomina phaseolina","Mph_38_R1","PRJNA953043","SAMN34104943","Common bean (Phaseolus vulgaris)","Valle del Cauca, Colombia","SRR24188401","Pennerman et al., 2025"
"117","ASM4783682v1","GCA_047836825.1","Macrophomina phaseolina","CBS 231.33","PRJNA953043","SAMN34104634","Sugarcane (Saccharum officinarum)","Pusa, India","SRR24188659","Pennerman et al., 2025"
"118","ASM4772461v1","GCA_047724615.1","Macrophomina phaseolina","2019-387","PRJNA953043","SAMN34104680","Strawberry (Fragaria x ananassa)","Florida, USA","SRR24188384","Pennerman et al., 2025"
"119","ASM4784238v1","GCA_047842385.1","Macrophomina phaseolina","BRIP 70786 a","PRJNA953043","SAMN34104906","Avocado (Persea americana )","Queensland, Australia","SRR24188537","Pennerman et al., 2025"
"120","ASM4772901v1","GCA_047729015.1","Macrophomina phaseolina","BRIP 53216 a","PRJNA953043","SAMN34104863","Mung bean (Vigna radiata )","Queensland, Australia","SRR24188340","Pennerman et al., 2025"
"121","F466","GCA_047667255.1","Macrophomina phaseolina","BRIP 45154; G 2020(4)","PRJNA953043","SAMN41017253","Common bean (Phaseolus vulgaris)","Queensland, Australia","SRR28763098","Pennerman et al., 2025"
"122","ASM4772443v1","GCA_047724435.1","Macrophomina phaseolina","2009-95","PRJNA953043","SAMN34104658","Strawberry (Fragaria x ananassa)","Florida, USA","SRR24188504","Pennerman et al., 2025"
"123","ASM4772801v1","GCA_047728015.1","Macrophomina phaseolina","1068A crown","PRJNA953043","SAMN34104727","Strawberry (Fragaria x ananassa)","Baja, Mexico","SRR24188608","Pennerman et al., 2025"
"124","ASM4783934v1","GCA_047839345.1","Macrophomina phaseolina","2019-383","PRJNA953043","SAMN34104678","Strawberry (Fragaria x ananassa)","Florida, USA","SRR24188386","Pennerman et al., 2025"
"125","ASM4784105v1","GCA_047841055.1","Macrophomina phaseolina","244141","PRJNA953043","SAMN34104821","Sweet potato (Ipomoea batatas)","Ehime, Japan","SRR24188568","Pennerman et al., 2025"
"126","ASM4772925v1","GCA_047729255.1","Macrophomina phaseolina","BRIP 68053 a","PRJNA953043","SAMN34104889","Sorghum (Sorghum sp. )","Queensland, Australia","SRR24188556","Pennerman et al., 2025"
"127","ASM4783928v1","GCA_047839285.1","Macrophomina phaseolina","2020-334","PRJNA953043","SAMN34104684","Strawberry (Fragaria x ananassa)","Florida, USA","SRR24188380","Pennerman et al., 2025"
"128","ASM4772797v1","GCA_047727975.1","Macrophomina phaseolina","TN-545","PRJNA953043","SAMN34104724","Watermelon (Citrullus lanatus )","Texas, USA","SRR24188612","Pennerman et al., 2025"
"129","ASM4772913v1","GCA_047729135.1","Macrophomina phaseolina","BRIP 68016 a","PRJNA953043","SAMN34104880","Strawberry (Fragaria x ananassa)","Queensland, Australia","SRR24188695","Pennerman et al., 2025"
"130","ASM4771746v1","GCA_047717465.1","Macrophomina phaseolina","DSA 14-006","PRJNA953043","SAMN34104626","Strawberry (Fragaria x ananassa)","California, USA","SRR24188667","Pennerman et al., 2025"
"131","ASM4784488v1","GCA_047844885.1","Macrophomina phaseolina","Mph_56_R1","PRJNA953043","SAMN34104950","Common bean (Phaseolus vulgaris)","Magdalena, Colombia","SRR24188681","Pennerman et al., 2025"
"132","ASM4772905v1","GCA_047729055.1","Macrophomina phaseolina","BRIP 61469 a","PRJNA953043","SAMN34104871","Muskmelon (Cucumis melo)","Queensland, Australia","SRR24188331","Pennerman et al., 2025"
"133","ASM4784140v1","GCA_047841405.1","Macrophomina phaseolina","BRIP 22784 a","PRJNA953043","SAMN34104846","Narrowleaved paperbark (Melaleuca alternifolia )","Queensland, Australia","SRR24188444","Pennerman et al., 2025"
"134","ASM4784107v1","GCA_047841075.1","Macrophomina phaseolina","410210","PRJNA953043","SAMN34104822","Slash pine (Pinus elliottii)","., Paraguay","SRR24188567","Pennerman et al., 2025"
"135","ASM4772891v1","GCA_047728915.1","Macrophomina phaseolina","BRIP 42497 a","PRJNA953043","SAMN34104856","Watermelon (Citrullus lanatus)","Western Australia, Australia","SRR24188433","Pennerman et al., 2025"
"136","ASM4772441v1","GCA_047724415.1","Macrophomina phaseolina","2009-97","PRJNA953043","SAMN34104659","Strawberry (Fragaria x ananassa)","Florida, USA","SRR24188503","Pennerman et al., 2025"
"137","ASM4784058v1","GCA_047840585.1","Macrophomina phaseolina","SAC-P4","PRJNA953043","SAMN34104778","Strawberry (Fragaria x ananassa)","California, USA","SRR24188370","Pennerman et al., 2025"
"138","ASM4784096v1","GCA_047840965.1","Macrophomina phaseolina","MpCh27Pin","PRJNA953043","SAMN34104817","Monterey pine (Pinus radiata)","., Chile","SRR24188572","Pennerman et al., 2025"
"139","ASM4783718v1","GCA_047837185.1","Macrophomina phaseolina","2001-179","PRJNA953043","SAMN34104653","Strawberry (Fragaria x ananassa)","Florida, USA","SRR24188510","Pennerman et al., 2025"
"140","ASM4766667v1","GCA_047666675.1","Macrophomina phaseolina","CMM3650","PRJNA953043","SAMN41017264","Physic nut (Jatropha curcas)","Espírito Santo, Brazil","SRR28763106","Pennerman et al., 2025"
"141","ASM4784004v1","GCA_047840045.1","Macrophomina phaseolina","1070B crown","PRJNA953043","SAMN34104735","Strawberry (Fragaria x ananassa)","Baja, Mexico","SRR24188600","Pennerman et al., 2025"
"142","ASM4772447v1","GCA_047724475.1","Macrophomina phaseolina","2012-496","PRJNA953043","SAMN34104665","Strawberry (Fragaria x ananassa)","Florida, USA","SRR24188497","Pennerman et al., 2025"
"143","ASM4771740v1","GCA_047717405.1","Macrophomina phaseolina","DSA 09-001","PRJNA953043","SAMN34104625","Strawberry (Fragaria x ananassa)","California, USA","SRR24188669","Pennerman et al., 2025"
"144","ASM4771728v1","GCA_047717285.1","Macrophomina phaseolina","NRRL 66187","PRJNA953043","SAMN34104614","Strawberry (Fragaria x ananassa)","Florida, USA","SRR24188337","Pennerman et al., 2025"
"145","ASM4784000v1","GCA_047840005.1","Macrophomina phaseolina","1070A crown","PRJNA953043","SAMN34104733","Strawberry (Fragaria x ananassa)","Baja, Mexico","SRR24188602","Pennerman et al., 2025"
"146","ASM4784240v1","GCA_047842405.1","Macrophomina phaseolina","BRIP 70780 a","PRJNA953043","SAMN34104904","Sorghum (Sorghum bicolor )","New South Wales, Australia","SRR24188540","Pennerman et al., 2025"
"147","ASM4766998v1","GCA_047669985.1","Macrophomina phaseolina","I1","PRJNA953043","SAMN42385494",NULL,NULL,NULL,"Pennerman et al., 2025"
"148","ASM4772917v1","GCA_047729175.1","Macrophomina phaseolina","BRIP 68011 a","PRJNA953043","SAMN34104879","Strawberry (Fragaria x ananassa)","Queensland, Australia","SRR24188322","Pennerman et al., 2025"
"149","ASM4784120v1","GCA_047841205.1","Macrophomina phaseolina","238567","PRJNA953043","SAMN34104830","Pearl lupin (Lupinus mutabilis)","Kagawa, Japan","SRR24188462","Pennerman et al., 2025"
"150","ASM4784138v1","GCA_047841385.1","Macrophomina phaseolina","VPRI 44162","PRJNA953043","SAMN34104838","Strawberry (Fragaria x ananassa)","Victoria, Australia","SRR24188453","Pennerman et al., 2025"
"151","ASM4772817v1","GCA_047728175.1","Macrophomina phaseolina","1068C crown","PRJNA953043","SAMN34104731","Strawberry (Fragaria x ananassa)","Baja, Mexico","SRR24188604","Pennerman et al., 2025"
"152","ASM4772821v1","GCA_047728215.1","Macrophomina phaseolina","161","PRJNA953043","SAMN34104741","African daisy (Gazania sp.)","California, USA","SRR24188593","Pennerman et al., 2025"
"153","ASM4772831v1","GCA_047728315.1","Macrophomina phaseolina","311","PRJNA953043","SAMN34104755","Muskmelon (Cucumis melo)","California, USA","SRR24188482","Pennerman et al., 2025"
"154","ASM4772847v1","GCA_047728475.1","Macrophomina phaseolina","1177","PRJNA953043","SAMN34104770","Privet (Ligrustrum sp.)","California, USA","SRR24188465","Pennerman et al., 2025"
"155","ASM4772809v1","GCA_047728095.1","Macrophomina phaseolina","1068B crown","PRJNA953043","SAMN34104729","Strawberry (Fragaria x ananassa)","Baja, Mexico","SRR24188606","Pennerman et al., 2025"
"156","ASM4766653v1","GCA_047666535.1","Macrophomina phaseolina","ARM502","PRJNA953043","SAMN41017266","Sweet potato (Ipomoea batatas)","Minas Gerais, Brazil","SRR28763104","Pennerman et al., 2025"
"157","ASM4784243v1","GCA_047842435.1","Macrophomina phaseolina","BRIP 70828 b","PRJNA953043","SAMN34104907","Sunflower (Helianthus annuus)","Queensland, Australia","SRR24188536","Pennerman et al., 2025"
"158","ASM4783837v1","GCA_047838375.1","Macrophomina phaseolina","2016-372","PRJNA953043","SAMN34104672","Strawberry (Fragaria x ananassa)","Florida, USA","SRR24188393","Pennerman et al., 2025"
"159","ASM4772849v1","GCA_047728495.1","Macrophomina phaseolina","1373","PRJNA953043","SAMN34104772","Basil (Ocimum basilicum)","California, USA","SRR24188377","Pennerman et al., 2025"
"160","ASM4784003v1","GCA_047840035.1","Macrophomina phaseolina","1070A petiole","PRJNA953043","SAMN34104734","Strawberry (Fragaria x ananassa)","Baja, Mexico","SRR24188601","Pennerman et al., 2025"
"161","ASM4771692v1","GCA_047716925.1","Macrophomina phaseolina","MAC12-31","PRJNA953043","SAMN34104592","Thyme (Thymus vulgaris)","California, USA","SRR24188518","Pennerman et al., 2025"
"162","ASM4766647v1","GCA_047666475.1","Macrophomina phaseolina","ARM486","PRJNA953043","SAMN41017267","Sweet potato (Ipomoea batatas)","Pernambuco, Brazil","SRR28763103","Pennerman et al., 2025"
"163","ASM4766673v1","GCA_047666735.1","Macrophomina phaseolina","CMM4159","PRJNA953043","SAMN41017261","Castor bean (Ricinus communis)","Bahia, Brazil","SRR28763109","Pennerman et al., 2025"
"164","ASM4771716v1","GCA_047717165.1","Macrophomina phaseolina","MPH1","PRJNA953043","SAMN34104608","Hebe (Hebe ochraceae)","Oregon, USA","SRR24188585","Pennerman et al., 2025"
"165","ASM4784112v1","GCA_047841125.1","Macrophomina phaseolina","245473","PRJNA953043","SAMN34104826","Cang zhu (Atractylodes lancea)","Toyama, Japan","SRR24188562","Pennerman et al., 2025"
"166","ASM4766989v1","GCA_047669895.1","Macrophomina phaseolina","I11","PRJNA953043","SAMN42385496",NULL,NULL,NULL,"Pennerman et al., 2025"
"167","ASM4783803v1","GCA_047838035.1","Macrophomina phaseolina","2002-200","PRJNA953043","SAMN34104656","Strawberry (Fragaria x ananassa)","Florida, USA","SRR24188506","Pennerman et al., 2025"
"168","F469","GCA_047667095.1","Macrophomina phaseolina","VPRI 42187","PRJNA953043","SAMN41017250","Common bean (Phaseolus vulgaris)","South Australia, Australia","SRR28763112","Pennerman et al., 2025"
"169","ASM4784085v1","GCA_047840855.1","Macrophomina phaseolina","TOR-861","PRJNA953043","SAMN34104806","Blueberry (Vaccinium sect. cyanococcus)","., Spain","SRR24188584","Pennerman et al., 2025"
"170","ASM4784039v1","GCA_047840395.1","Macrophomina phaseolina","769","PRJNA953043","SAMN34104767","Common bean (Phaseolus vulgaris)","California, USA","SRR24188468","Pennerman et al., 2025"
"171","ASM4784100v1","GCA_047841005.1","Macrophomina phaseolina","MpCh24Mel","PRJNA953043","SAMN34104814","Muskmelon (Cucumis melo)","., Chile","SRR24188576","Pennerman et al., 2025"
"172","ASM4784152v1","GCA_047841525.1","Macrophomina phaseolina","BRIP 39285 a","PRJNA953043","SAMN34104851","Watermelon (Citrullus lanatus )","Queensland, Australia","SRR24188439","Pennerman et al., 2025"
"173","ASM4784171v1","GCA_047841715.1","Macrophomina phaseolina","BRIP 55093 a","PRJNA953043","SAMN34104866","Mung bean (Vigna radiata )","Queensland, Australia","SRR24188336","Pennerman et al., 2025"
"174","ASM4772449v1","GCA_047724495.1","Macrophomina phaseolina","CBS 224.33","PRJNA953043","SAMN34104648","Sesame (Sesamum indicum)","., Uganda","SRR24188515","Pennerman et al., 2025"
"175","ASM4783844v1","GCA_047838445.1","Macrophomina phaseolina","2019-13","PRJNA953043","SAMN34104677","Strawberry (Fragaria x ananassa)","Florida, USA","SRR24188387","Pennerman et al., 2025"
"176","ASM4772861v1","GCA_047728615.1","Macrophomina phaseolina","M.12 mono 2","PRJNA953043","SAMN34104783","Blueberry (Vaccinium sect. cyanococcus)","Huelva, Spain","SRR24188365","Pennerman et al., 2025"
"177","ASM4772857v1","GCA_047728575.1","Macrophomina phaseolina","6068-2","PRJNA953043","SAMN34104775","Strawberry (Fragaria x ananassa)","California, USA","SRR24188374","Pennerman et al., 2025"
"178","ASM4772887v1","GCA_047728875.1","Macrophomina phaseolina","239570","PRJNA953043","SAMN34104832","Wax gourd (Benincasa hispida)","Nagano, Japan","SRR24188460","Pennerman et al., 2025"
"179","ASM4772431v1","GCA_047724315.1","Macrophomina phaseolina","CBS 230.33","PRJNA953043","SAMN34104643","Cotton (Gossypium herbaceum)","., Sudan","SRR24188521","Pennerman et al., 2025"
"180","ASM4772851v1","GCA_047728515.1","Macrophomina phaseolina","SAC-C3","PRJNA953043","SAMN34104777","Strawberry (Fragaria x ananassa)","California, USA","SRR24188371","Pennerman et al., 2025"
"181","ASM4772907v1","GCA_047729075.1","Macrophomina phaseolina","BRIP 55159 a","PRJNA953043","SAMN34104868","Chickpea (Cicer arietinum )","New South Wales, Australia","SRR24188334","Pennerman et al., 2025"
"182","ASM4783807v1","GCA_047838075.1","Macrophomina phaseolina","2010-61","PRJNA953043","SAMN34104660","Soil (soil)","Florida, USA","SRR24188502","Pennerman et al., 2025"
"183","ASM4784110v1","GCA_047841105.1","Macrophomina phaseolina","239571","PRJNA953043","SAMN34104820","Watermelon (Citrullus lanatus )","Kanagawa, Japan","SRR24188569","Pennerman et al., 2025"
"184","ASM4783824v1","GCA_047838245.1","Macrophomina phaseolina","2014-676","PRJNA953043","SAMN34104667","Periwinkle (Vinca sp.)","Florida, USA","SRR24188398","Pennerman et al., 2025"
"185","ASM4783676v1","GCA_047836765.1","Macrophomina phaseolina","CBS 460.70","PRJNA953043","SAMN34104633","Soybean (Glycine max)","., Denmark","SRR24188660","Pennerman et al., 2025"
"186","ASM4771708v1","GCA_047717085.1","Macrophomina phaseolina","MAC14-144","PRJNA953043","SAMN34104602","Alfalfa (Medicago sativa )","California, USA","SRR24188492","Pennerman et al., 2025"
"187","ASM4784179v1","GCA_047841795.1","Macrophomina phaseolina","BRIP 65261 a","PRJNA953043","SAMN34104875","Watermelon (Citrullus lanatus )","Queensland, Australia","SRR24188327","Pennerman et al., 2025"
"188","ASM4766692v1","GCA_047666925.1","Macrophomina phaseolina","CMM4239","PRJNA953043","SAMN41017259","Castor bean (Ricinus communis)","Bahia, Brazil","SRR28763092","Pennerman et al., 2025"
"189","ASM4772455v1","GCA_047724555.1","Macrophomina phaseolina","2020-302","PRJNA953043","SAMN34104683","Strawberry (Fragaria x ananassa)","Florida, USA","SRR24188381","Pennerman et al., 2025"
"190","ASM4783806v1","GCA_047838065.1","Macrophomina phaseolina","2011-208","PRJNA953043","SAMN34104662","Soil (soil)","Florida, USA","SRR24188500","Pennerman et al., 2025"
"191","ASM4784490v1","GCA_047844905.1","Macrophomina phaseolina","TN501_R1","PRJNA953043","SAMN34104953","Soybean (Glycine max)","Louisiana, USA","SRR24188678","Pennerman et al., 2025"
"192","ASM4784020v1","GCA_047840205.1","Macrophomina phaseolina","171","PRJNA953043","SAMN34104746","Citrus (Citrus sp.)","California, USA","SRR24188491","Pennerman et al., 2025"
"193","ASM4784068v1","GCA_047840685.1","Macrophomina phaseolina","M.29","PRJNA953043","SAMN34104795","Blueberry (Vaccinium sect. cyanococcus)","Huelva, Spain","SRR24188351","Pennerman et al., 2025"
"194","ASM4784230v1","GCA_047842305.1","Macrophomina phaseolina","BRIP 68325 a","PRJNA953043","SAMN34104896","Strawberry (Fragaria x ananassa)","Queensland, Australia","SRR24188548","Pennerman et al., 2025"
"195","ASM4772837v1","GCA_047728375.1","Macrophomina phaseolina","521","PRJNA953043","SAMN34104761","Citrus (Citrus sp.)","California, USA","SRR24188475","Pennerman et al., 2025"
"196","ASM4784087v1","GCA_047840875.1","Macrophomina phaseolina","M.60","PRJNA953043","SAMN34104808","Strawberry (Fragaria x ananassa)","., Spain","SRR24188582","Pennerman et al., 2025"
"197","ASM4783550v1","GCA_047835505.1","Macrophomina phaseolina","MAC11-23","PRJNA953043","SAMN34104590","Watermelon (Citrullus lanatus )","California, USA","SRR24188668","Pennerman et al., 2025"
"198","ASM4784166v1","GCA_047841665.1","Macrophomina phaseolina","BRIP 52124 a","PRJNA953043","SAMN34104861","Cotton (Gossypium sp.)","Queensland, Australia","SRR24188342","Pennerman et al., 2025"
"199","ASM4783589v1","GCA_047835895.1","Macrophomina phaseolina","NRRL 13663","PRJNA953043","SAMN34104624","Kidney bean (Phaseolus mungo)","., Denmark","SRR24188670","Pennerman et al., 2025"
"200","ASM4772459v1","GCA_047724595.1","Macrophomina phaseolina","2017-138","PRJNA953043","SAMN34104675","Strawberry (Fragaria x ananassa)","Florida, USA","SRR24188390","Pennerman et al., 2025"
"201","ASM4784190v1","GCA_047841905.1","Macrophomina phaseolina","BRIP 64557 d","PRJNA953043","SAMN34104873","Mung bean (Vigna radiata )","Queensland, Australia","SRR24188329","Pennerman et al., 2025"
"202","ASM4783674v1","GCA_047836745.1","Macrophomina phaseolina","CBS 416.62","PRJNA953043","SAMN34104637","Peanut (Arachis hypogaea)","Lisbon, Portugal","SRR24188527","Pennerman et al., 2025"
"203","ASM4772842v1","GCA_047728425.1","Macrophomina phaseolina","908","PRJNA953043","SAMN34104769","Sunflower (Helianthus annuus)","California, USA","SRR24188466","Pennerman et al., 2025"
"204","ASM4771710v1","GCA_047717105.1","Macrophomina phaseolina","MAC15-96","PRJNA953043","SAMN34104605","Almond (Prunus dulcis)","California, USA","SRR24188373","Pennerman et al., 2025"
"205","ASM4784104v1","GCA_047841045.1","Macrophomina phaseolina","238568","PRJNA953043","SAMN34104819","Yacon (Smallanthus sonchifolius (Poepp.& Endl.) H. Rob. (Yacon))","Kagawa, Japan","SRR24188570","Pennerman et al., 2025"
"206","ASM4772825v1","GCA_047728255.1","Macrophomina phaseolina","163","PRJNA953043","SAMN34104742","Sunflower (Helianthus annuus)","California, USA","SRR24188496","Pennerman et al., 2025"
"207","ASM4772881v1","GCA_047728815.1","Macrophomina phaseolina","MpCh26Pin","PRJNA953043","SAMN34104816","Monterey pine (Pinus radiata)","., Chile","SRR24188573","Pennerman et al., 2025"
"208","ASM4772451v1","GCA_047724515.1","Macrophomina phaseolina","2016-369","PRJNA953043","SAMN34104671","Strawberry (Fragaria x ananassa)","Florida, USA","SRR24188394","Pennerman et al., 2025"
"209","ASM4772827v1","GCA_047728275.1","Macrophomina phaseolina","170","PRJNA953043","SAMN34104745","Chickpea (Cicer arietinum )","California, USA","SRR24188493","Pennerman et al., 2025"
"210","ASM4784486v1","GCA_047844865.1","Macrophomina phaseolina","Mph_5_R1","PRJNA953043","SAMN34104951","Common bean (Phaseolus vulgaris)","Cauca, Colombia","SRR24188680","Pennerman et al., 2025"
"211","ASM4784064v1","GCA_047840645.1","Macrophomina phaseolina","M.27","PRJNA953043","SAMN34104793","Blueberry (Vaccinium sect. cyanococcus)","Huelva, Spain","SRR24188353","Pennerman et al., 2025"
"212","ASM4784108v1","GCA_047841085.1","Macrophomina phaseolina","244142","PRJNA953043","SAMN34104825","Sweet potato (Ipomoea batatas)","Ehime, Japan","SRR24188564","Pennerman et al., 2025"
"213","ASM4784468v1","GCA_047844685.1","Macrophomina phaseolina","Mph_50_R1","PRJNA953043","SAMN34104947","Common bean (Phaseolus vulgaris)","Tolima, Colombia","SRR24188684","Pennerman et al., 2025"
"214","ASM4772946v1","GCA_047729465.1","Macrophomina phaseolina","F384","PRJNA953043","SAMN34104913","Watermelon (Citrullus lanatus)","., Israel","SRR24188530","Pennerman et al., 2025"
"215","ASM4772943v1","GCA_047729435.1","Macrophomina phaseolina","F383","PRJNA953043","SAMN34104912","Muskmelon (Cucumis melo)","., Israel","SRR24188531","Pennerman et al., 2025"
"216","ASM4771704v1","GCA_047717045.1","Macrophomina phaseolina","MAC14-17","PRJNA953043","SAMN34104600","Quince (Cydonia oblonga)","California, USA","SRR24188610","Pennerman et al., 2025"
"217","ASM4783684v1","GCA_047836845.1","Macrophomina phaseolina","CBS 162.25","PRJNA953043","SAMN34104638","Eucalyptus (Eucalyptus sp.)","., Uganda","SRR24188526","Pennerman et al., 2025"
"218","ASM4772845v1","GCA_047728455.1","Macrophomina phaseolina","746","PRJNA953043","SAMN34104766","Sunflower (Helianthus annuus)","California, USA","SRR24188469","Pennerman et al., 2025"
"219","ASM4772939v1","GCA_047729395.1","Macrophomina phaseolina","BRIP 71830 a","PRJNA953043","SAMN34104910","Watermelon (Citrullus lanatus )","Queensland, Australia","SRR24188533","Pennerman et al., 2025"
"220","ASM4784184v1","GCA_047841845.1","Macrophomina phaseolina","BRIP 66196 a","PRJNA953043","SAMN34104877","Muskmelon (Cucumis melo)","Queensland, Australia","SRR24188324","Pennerman et al., 2025"
"221","ASM4772873v1","GCA_047728735.1","Macrophomina phaseolina","ARG-11","PRJNA953043","SAMN34104798","Strawberry (Fragaria x ananassa)","., Argentina","SRR24188347","Pennerman et al., 2025"
"222","ASM4766670v1","GCA_047666705.1","Macrophomina phaseolina","CMM4047","PRJNA953043","SAMN41017262","Castor bean (Ricinus communis)","Bahia, Brazil","SRR28763108","Pennerman et al., 2025"
"223","ASM4783730v1","GCA_047837305.1","Macrophomina phaseolina","2002-161","PRJNA953043","SAMN34104655","Strawberry (Fragaria x ananassa)","Florida, USA","SRR24188508","Pennerman et al., 2025"
"224","ASM4784078v1","GCA_047840785.1","Macrophomina phaseolina","TOR-745","PRJNA953043","SAMN34104804","Rice (Oryza sativa)","., Spain","SRR24188587","Pennerman et al., 2025"
"225","ASM4772896v1","GCA_047728965.1","Macrophomina phaseolina","VPRI 42187","PRJNA953043","SAMN34104842","Common bean (Phaseolus vulgaris)","Victoria, Australia","SRR24188449","Pennerman et al., 2025"
"226","ASM4772903v1","GCA_047729035.1","Macrophomina phaseolina","BRIP 48716 a","PRJNA953043","SAMN34104860","Canola (Brassica napus )","Western Australia, Australia","SRR24188343","Pennerman et al., 2025"
"227","ASM4772805v1","GCA_047728055.1","Macrophomina phaseolina","TN-547","PRJNA953043","SAMN34104726","Alfalfa (Medicago sativa )","Texas, USA","SRR24188609","Pennerman et al., 2025"
"228","ASM4783986v1","GCA_047839865.1","Macrophomina phaseolina","TN-408","PRJNA953043","SAMN34104707","Soybean (Glycine max)","Tennessee, USA","SRR24188630","Pennerman et al., 2025"
"229","ASM4766897v1","GCA_047668975.1","Macrophomina phaseolina","PJ22","PRJNA953043","SAMN42385510",NULL,NULL,NULL,"Pennerman et al., 2025"
"230","ASM4784182v1","GCA_047841825.1","Macrophomina phaseolina","BRIP 62562 a","PRJNA953043","SAMN34104872","Muskmelon (Cucumis melo)","Queensland, Australia","SRR24188330","Pennerman et al., 2025"
"231","ASM4766993v1","GCA_047669935.1","Macrophomina phaseolina","NQS21","PRJNA953043","SAMN42385492",NULL,NULL,NULL,"Pennerman et al., 2025"
"232","ASM4783926v1","GCA_047839265.1","Macrophomina phaseolina","2021-5","PRJNA953043","SAMN34104685","Caladium (Caladium sp.)","Florida, USA","SRR24188379","Pennerman et al., 2025"
"233","ASM4783562v1","GCA_047835625.1","Macrophomina phaseolina","MAC14-14","PRJNA953043","SAMN34104598","Pistachio (Pistacia vera)","California, USA","SRR24188632","Pennerman et al., 2025"
"234","ASM4771696v1","GCA_047716965.1","Macrophomina phaseolina","MAC13-2","PRJNA953043","SAMN34104593","Thyme (Thymus vulgaris)","California, USA","SRR24188507","Pennerman et al., 2025"
"235","ASM4771724v1","GCA_047717245.1","Macrophomina phaseolina","NRRL 66189","PRJNA953043","SAMN34104616","Fir (Abies fraseri)","North Carolina, USA","SRR24188560","Pennerman et al., 2025"
"236","ASM4772927v1","GCA_047729275.1","Macrophomina phaseolina","BRIP 68326 a","PRJNA953043","SAMN34104897","Strawberry (Fragaria x ananassa)","Western Australia, Australia","SRR24188547","Pennerman et al., 2025"
"237","ASM4784154v1","GCA_047841545.1","Macrophomina phaseolina","BRIP 29126 a","PRJNA953043","SAMN34104850","Peanut (Arachis hypogaea)","Queensland, Australia","SRR24188440","Pennerman et al., 2025"
"238","ASM4772437v1","GCA_047724375.1","Macrophomina phaseolina","CBS 225.33","PRJNA953043","SAMN34104647","Field mustard (Brassica rapa)","., Sierra Leone","SRR24188516","Pennerman et al., 2025"
"239","ASM4772829v1","GCA_047728295.1","Macrophomina phaseolina","410","PRJNA953043","SAMN34104758","Coast live oak (Quercus agrifolia)","California, USA","SRR24188478","Pennerman et al., 2025"
"240","ASM4766654v1","GCA_047666545.1","Macrophomina phaseolina","CMM3615","PRJNA953043","SAMN41017265","Physic nut (Jatropha curcas)","Minas Gerais, Brazil","SRR28763105","Pennerman et al., 2025"
"241","ASM4772982v1","GCA_047729825.1","Macrophomina phaseolina","UPR_Mph_ISA3_R1","PRJNA953043","SAMN34104954","Common bean (Phaseolus vulgaris)","Puerto Rico, USA","SRR24188677","Pennerman et al., 2025"
"242","ASM4771701v1","GCA_047717015.1","Macrophomina phaseolina","MAC13-17","PRJNA953043","SAMN34104597","Apple (Malus pumila)","California, USA","SRR24188643","Pennerman et al., 2025"
"243","ASM4772971v1","GCA_047729715.1","Macrophomina phaseolina","Mph_24_R1","PRJNA953043","SAMN34104939","Common bean (Phaseolus vulgaris)","Cauca, Colombia","SRR24188405","Pennerman et al., 2025"
"244","ASM4772937v1","GCA_047729375.1","Macrophomina phaseolina","BRIP 71249 a","PRJNA953043","SAMN34104909","Muskmelon (Cucumis melo)","Queensland, Australia","SRR24188534","Pennerman et al., 2025"
"245","ASM4766979v1","GCA_047669795.1","Macrophomina phaseolina","I84","PRJNA953043","SAMN42385502",NULL,NULL,NULL,"Pennerman et al., 2025"
"246","ASM4771691v1","GCA_047716915.1","Macrophomina phaseolina","MAC13-6","PRJNA953043","SAMN34104594","Watermelon (Citrullus lanatus )","Arizona, USA","SRR24188400","Pennerman et al., 2025"
"247","ASM4784118v1","GCA_047841185.1","Macrophomina phaseolina","246588","PRJNA953043","SAMN34104828","Angelica (Angelica acutiloba)","Nara, Japan","SRR24188464","Pennerman et al., 2025"
"248","ASM4772779v1","GCA_047727795.1","Macrophomina phaseolina","TN-411","PRJNA953043","SAMN34104709","Sunflower (Helianthus annuus)","Tennessee, USA","SRR24188628","Pennerman et al., 2025"
"249","ASM4772941v1","GCA_047729415.1","Macrophomina phaseolina","BRIP 71242 b","PRJNA953043","SAMN34104908","Dill (Anethum graveolens )","Queensland, Australia","SRR24188535","Pennerman et al., 2025"
"250","ASM4784216v1","GCA_047842165.1","Macrophomina phaseolina","BRIP 68324 a","PRJNA953043","SAMN34104895","Strawberry (Fragaria x ananassa)","Western Australia, Australia","SRR24188550","Pennerman et al., 2025"
"251","ASM4766797v1","GCA_047667975.1","Macrophomina phaseolina","Kuruguaty 2","PRJNA953043","SAMN42385520",NULL,NULL,NULL,"Pennerman et al., 2025"
"252","ASM4766644v1","GCA_047666445.1","Macrophomina phaseolina","ARM475","PRJNA953043","SAMN41017268","Sweet potato (Ipomoea batatas)","Pernambuco, Brazil","SRR28763102","Pennerman et al., 2025"
"253","F464","GCA_047667285.1","Macrophomina phaseolina","BRIP 76217","PRJNA953043","SAMN41017255","Soybean (Glycine max)","New South Wales, Australia","SRR28763096","Pennerman et al., 2025"
"254","ASM4767011v1","GCA_047670115.1","Macrophomina phaseolina","NQS20","PRJNA953043","SAMN42385491",NULL,NULL,NULL,"Pennerman et al., 2025"
"255","ASM4784150v1","GCA_047841505.1","Macrophomina phaseolina","BRIP 39347 a","PRJNA953043","SAMN34104852","Hemp (Cannabis sativa)","Queensland, Australia","SRR24188438","Pennerman et al., 2025"
"256","ASM4784195v1","GCA_047841955.1","Macrophomina phaseolina","BRIP 68057 a","PRJNA953043","SAMN34104890","Chickpea (Cicer arietinum )","Queensland, Australia","SRR24188555","Pennerman et al., 2025"
"257","ASM4772950v1","GCA_047729505.1","Macrophomina phaseolina","F387","PRJNA953043","SAMN34104916","Almond (Prunus dulcis)","., Israel","SRR24188430","Pennerman et al., 2025"
"258","ASM4772839v1","GCA_047728395.1","Macrophomina phaseolina","773","PRJNA953043","SAMN34104768","Tomato (Solanum lycopersicum)","California, USA","SRR24188467","Pennerman et al., 2025"
"259","ASM4766642v1","GCA_047666425.1","Macrophomina phaseolina","ARM474","PRJNA953043","SAMN41017269","Sweet potato (Ipomoea batatas)","Pernambuco, Brazil","SRR28763101","Pennerman et al., 2025"
"260","ASM4771693v1","GCA_047716935.1","Macrophomina phaseolina","MAC12-3","PRJNA953043","SAMN34104591","Muskmelon (Cucumis melo)","Arizona, USA","SRR24188657","Pennerman et al., 2025"
"261","ASM4772465v1","GCA_047724655.1","Macrophomina phaseolina","TN-292","PRJNA953043","SAMN34104692","Sunflower (Helianthus annuus)","Tennessee, USA","SRR24188647","Pennerman et al., 2025"
"262","ASM4772978v1","GCA_047729785.1","Macrophomina phaseolina","Mph_40_R1","PRJNA953043","SAMN34104944","Common bean (Phaseolus vulgaris)","Valle del Cauca, Colombia","SRR24188688","Pennerman et al., 2025"
"263","ASM4767138v1","GCA_047671385.1","Macrophomina phaseolina","NQSC18","PRJNA953043","SAMN42385483",NULL,NULL,NULL,"Pennerman et al., 2025"
"264","ASM4772966v1","GCA_047729665.1","Macrophomina phaseolina","Mph_35_R1","PRJNA953043","SAMN34104942","Common bean (Phaseolus vulgaris)","Valle del Cauca, Colombia","SRR24188402","Pennerman et al., 2025"
"265","ASM4766680v1","GCA_047666805.1","Macrophomina phaseolina","CMM4185","PRJNA953043","SAMN41017260","Castor bean (Ricinus communis)","Paraíba, Brazil","SRR28763110","Pennerman et al., 2025"
"266","ASM4856910v1","GCA_048569105.1","Macrophomina phaseolina","GB-MP-2A (","PRJNA953043","SAMN34104606","Chickpea (Cicer arietinum )","California, USA","SRR24188361","Pennerman et al., 2025"
"267","ASM4772439v1","GCA_047724395.1","Macrophomina phaseolina","2010-74","PRJNA953043","SAMN34104661","Soil (soil)","Florida, USA","SRR24188501","Pennerman et al., 2025"
"268","ASM4784362v1","GCA_047843625.1","Macrophomina phaseolina","MISO171_3_R1","PRJNA953043","SAMN34104924","Soybean (Glycine max)","Michigan, USA","SRR24188422","Pennerman et al., 2025"
"269","ASM4767117v1","GCA_047671175.1","Macrophomina phaseolina","NQSC27","PRJNA953043","SAMN42385485",NULL,NULL,NULL,"Pennerman et al., 2025"
"270","ASM4767123v1","GCA_047671235.1","Macrophomina phaseolina","NQSC30","PRJNA953043","SAMN42385486",NULL,NULL,NULL,"Pennerman et al., 2025"
"271","ASM4772791v1","GCA_047727915.1","Macrophomina phaseolina","TN-413","PRJNA953043","SAMN34104711","Maize (Zea mays)","Tennessee, USA","SRR24188626","Pennerman et al., 2025"
"272","ASM4766984v1","GCA_047669845.1","Macrophomina phaseolina","I30","PRJNA953043","SAMN42385498",NULL,NULL,NULL,"Pennerman et al., 2025"
"273","ASM4784086v1","GCA_047840865.1","Macrophomina phaseolina","TOR-837","PRJNA953043","SAMN34104805","Watermelon (Citrullus lanatus)","., Spain","SRR24188586","Pennerman et al., 2025"
"274","ASM4766803v1","GCA_047668035.1","Macrophomina phaseolina","Troncal 3 (5)","PRJNA953043","SAMN42385516",NULL,NULL,NULL,"Pennerman et al., 2025"
"275","ASM4784074v1","GCA_047840745.1","Macrophomina phaseolina","ARG-20","PRJNA953043","SAMN34104801","Soybean (Glycine max)","., Argentina","SRR24188590","Pennerman et al., 2025"
"276","ASM4772948v1","GCA_047729485.1","Macrophomina phaseolina","M1","PRJNA953043","SAMN34104917","Strawberry (Fragaria x ananassa)","., Israel","SRR24188429","Pennerman et al., 2025"
"277","ASM4772865v1","GCA_047728655.1","Macrophomina phaseolina","M.22","PRJNA953043","SAMN34104790","Strawberry (Fragaria x ananassa)","Huelva, Spain","SRR24188356","Pennerman et al., 2025"
"278","ASM4784458v1","GCA_047844585.1","Macrophomina phaseolina","Md10_R1","PRJNA953043","SAMN34104934","Soybean (Glycine max)","Wisconsin, USA","SRR24188411","Pennerman et al., 2025"
"279","ASM4766987v1","GCA_047669875.1","Macrophomina phaseolina","I19","PRJNA953043","SAMN42385497",NULL,NULL,NULL,"Pennerman et al., 2025"
"280","ASM4766726v1","GCA_047667265.1","Macrophomina phaseolina","BRIP 76218","PRJNA953043","SAMN41017254","Soybean (Glycine max)","New South Wales, Australia","SRR28763097","Pennerman et al., 2025"
"281","ASM4767143v1","GCA_047671435.1","Macrophomina phaseolina","NQSC10","PRJNA953043","SAMN42385480",NULL,NULL,NULL,"Pennerman et al., 2025"
"282","ASM4772833v1","GCA_047728335.1","Macrophomina phaseolina","312","PRJNA953043","SAMN34104756","Cucurbitaceae (.)","California, USA","SRR24188480","Pennerman et al., 2025"
"283","ASM4767136v1","GCA_047671365.1","Macrophomina phaseolina","NQSC14","PRJNA953043","SAMN42385481",NULL,NULL,NULL,"Pennerman et al., 2025"
"284","ASM4784242v1","GCA_047842425.1","Macrophomina phaseolina","F385","PRJNA953043","SAMN34104914","Protea (Leucospermum sp.)","., Israel","SRR24188529","Pennerman et al., 2025"
"285","ASM4766785v1","GCA_047667855.1","Macrophomina phaseolina","M10","PRJNA953043","SAMN42385524",NULL,NULL,NULL,"Pennerman et al., 2025"
"286","ASM4766789v1","GCA_047667895.1","Macrophomina phaseolina","M1","PRJNA953043","SAMN42385522",NULL,NULL,NULL,"Pennerman et al., 2025"
"287","ASM4766981v1","GCA_047669815.1","Macrophomina phaseolina","I62","PRJNA953043","SAMN42385500",NULL,NULL,NULL,"Pennerman et al., 2025"
"288","ASM4783976v1","GCA_047839765.1","Macrophomina phaseolina","TN-382","PRJNA953043","SAMN34104704","Soybean (Glycine max)","Mississippi, USA","SRR24188634","Pennerman et al., 2025"
"289","ASM4766898v1","GCA_047668985.1","Macrophomina phaseolina","PJ17","PRJNA953043","SAMN42385508",NULL,NULL,NULL,"Pennerman et al., 2025"
"290","ASM4771722v1","GCA_047717225.1","Macrophomina phaseolina","NRRL 66186","PRJNA953043","SAMN34104613","Soybean (Glycine max)","Arkansas, USA","SRR24188434","Pennerman et al., 2025"
"291","ASM4783938v1","GCA_047839385.1","Macrophomina phaseolina","TN-272","PRJNA953043","SAMN34104690","Soybean (Glycine max)","Mississippi, USA","SRR24188649","Pennerman et al., 2025"
"292","ASM4783974v1","GCA_047839745.1","Macrophomina phaseolina","TN-381","PRJNA953043","SAMN34104703","Soybean (Glycine max)","Mississippi, USA","SRR24188635","Pennerman et al., 2025"
"293","ASM4766783v1","GCA_047667835.1","Macrophomina phaseolina","M18","PRJNA953043","SAMN42385527",NULL,NULL,NULL,"Pennerman et al., 2025"
"294","ASM4772803v1","GCA_047728035.1","Macrophomina phaseolina","TN-544","PRJNA953043","SAMN34104723","Soybean (Glycine max)","Texas, USA","SRR24188613","Pennerman et al., 2025"
"295","ASM4783987v1","GCA_047839875.1","Macrophomina phaseolina","TN-410","PRJNA953043","SAMN34104708","Sunflower (Helianthus annuus)","Tennessee, USA","SRR24188629","Pennerman et al., 2025"
"296","ASM4766935v1","GCA_047669355.1","Macrophomina phaseolina","I75","PRJNA953043","SAMN42385501",NULL,NULL,NULL,"Pennerman et al., 2025"
"297","ASM4766929v1","GCA_047669295.1","Macrophomina phaseolina","I102","PRJNA953043","SAMN42385504",NULL,NULL,NULL,"Pennerman et al., 2025"
"298","ASM4772969v1","GCA_047729695.1","Macrophomina phaseolina","M_15_12_R1","PRJNA953043","SAMN34104931","Common bean (Phaseolus vulgaris)","Michigan, USA","SRR24188414","Pennerman et al., 2025"
"299","ASM4766891v1","GCA_047668915.1","Macrophomina phaseolina","PJ32","PRJNA953043","SAMN42385511",NULL,NULL,NULL,"Pennerman et al., 2025"
"300","ASM4766811v1","GCA_047668115.1","Macrophomina phaseolina","Santa Fe 4","PRJNA953043","SAMN42385513",NULL,NULL,NULL,"Pennerman et al., 2025"
"301","ASM4766793v1","GCA_047667935.1","Macrophomina phaseolina","Yhovy 4","PRJNA953043","SAMN42385519",NULL,NULL,NULL,"Pennerman et al., 2025"
"302","ASM4766925v1","GCA_047669255.1","Macrophomina phaseolina","I92","PRJNA953043","SAMN42385503",NULL,NULL,NULL,"Pennerman et al., 2025"
"303","ASM4766895v1","GCA_047668955.1","Macrophomina phaseolina","Colonia Iguaz 3","PRJNA953043","SAMN42385514",NULL,NULL,NULL,"Pennerman et al., 2025"
"304","ASM4772469v1","GCA_047724695.1","Macrophomina phaseolina","TN-261","PRJNA953043","SAMN34104689","Soybean (Glycine max)","Tennessee, USA","SRR24188650","Pennerman et al., 2025"
"305","ASM4766917v1","GCA_047669175.1","Macrophomina phaseolina","PJ6","PRJNA953043","SAMN42385506",NULL,NULL,NULL,"Pennerman et al., 2025"
"306","ASM4766805v1","GCA_047668055.1","Macrophomina phaseolina","Katuete 4","PRJNA953043","SAMN42385518",NULL,NULL,NULL,"Pennerman et al., 2025"
"307","ASM4783704v1","GCA_047837045.1","Macrophomina phaseolina","CBS 226.33","PRJNA953043","SAMN34104646","Tobacco (Nicotiana tabacum)","., Palestine","SRR24188517","Pennerman et al., 2025"
"308","ASM4766781v1","GCA_047667815.1","Macrophomina phaseolina","M20","PRJNA953043","SAMN42385528",NULL,NULL,NULL,"Pennerman et al., 2025"
"309","ASM4783989v1","GCA_047839895.1","Macrophomina phaseolina","TN-414","PRJNA953043","SAMN34104712","Soybean (Glycine max)","Tennessee, USA","SRR24188625","Pennerman et al., 2025"
"310","ASM4772945v1","GCA_047729455.1","Macrophomina phaseolina","F386","PRJNA953043","SAMN34104915","Protea (Leucadendron sp.)","., Israel","SRR24188432","Pennerman et al., 2025"
"311","ASM4766807v1","GCA_047668075.1","Macrophomina phaseolina","La Paloma 5","PRJNA953043","SAMN42385517",NULL,NULL,NULL,"Pennerman et al., 2025"
"312","ASM4784027v1","GCA_047840275.1","Macrophomina phaseolina","240","PRJNA953043","SAMN34104753","Palm (.)","California, USA","SRR24188484","Pennerman et al., 2025"
"313","ASM4772975v1","GCA_047729755.1","Macrophomina phaseolina","Mph_23_R1","PRJNA953043","SAMN34104938","Common bean (Phaseolus vulgaris)","Valle del Cauca, Colombia","SRR24188406","Pennerman et al., 2025"
"314","ASM4767007v1","GCA_047670075.1","Macrophomina phaseolina","NQS4","PRJNA953043","SAMN42385487",NULL,NULL,NULL,"Pennerman et al., 2025"
"315","ASM4772967v1","GCA_047729675.1","Macrophomina phaseolina","Mph_22_R1","PRJNA953043","SAMN34104937","Common bean (Phaseolus vulgaris)","Valle del Cauca, Colombia","SRR24188407","Pennerman et al., 2025"
"316","ASM4772979v1","GCA_047729795.1","Macrophomina phaseolina","TN270_R1","PRJNA953043","SAMN34104952","Soybean (Glycine max)","Mississippi, USA","SRR24188679","Pennerman et al., 2025"
"317","ASM4772859v1","GCA_047728595.1","Macrophomina phaseolina","100P06459876","PRJNA953043","SAMN34104773","Lettuce (Lactuca sp.)","California, USA","SRR24188376","Pennerman et al., 2025"
"318","ASM4784365v1","GCA_047843655.1","Macrophomina phaseolina","M16_1_R1","PRJNA953043","SAMN34104923","Common bean (Phaseolus vulgaris)","Michigan, USA","SRR24188423","Pennerman et al., 2025"
"319","ASM4783996v1","GCA_047839965.1","Macrophomina phaseolina","TN-542","PRJNA953043","SAMN34104721","Alfalfa (Medicago sativa )","Indiana, USA","SRR24188615","Pennerman et al., 2025"
"320","ASM4784454v1","GCA_047844545.1","Macrophomina phaseolina","Mph_21_R1","PRJNA953043","SAMN34104936","Common bean (Phaseolus vulgaris)","Valle del Cauca, Colombia","SRR24188408","Pennerman et al., 2025"
"321","ASM4783678v1","GCA_047836785.1","Macrophomina phaseolina","DSA 18-022","PRJNA953043","SAMN34104629","Strawberry (Fragaria x ananassa)","Florida, USA","SRR24188664","Pennerman et al., 2025"
"322","ASM4766715v1","GCA_047667155.1","Macrophomina phaseolina","BRIP 70726; DA 691","PRJNA953043","SAMN41017251","Soybean (Glycine max)","Queensland, Australia","SRR28763111","Pennerman et al., 2025"
"323","ASM4784376v1","GCA_047843765.1","Macrophomina phaseolina","MP220_R1","PRJNA953043","SAMN34104926","Soybean (Glycine max)","Tennessee, USA","SRR24188419","Pennerman et al., 2025"
"324","ASM4784043v1","GCA_047840435.1","Macrophomina phaseolina","SAC-P2","PRJNA953043","SAMN34104776","Strawberry (Fragaria x ananassa)","California, USA","SRR24188372","Pennerman et al., 2025"
"325","ASM4766894v1","GCA_047668945.1","Macrophomina phaseolina","PJ40","PRJNA953043","SAMN42385512",NULL,NULL,NULL,"Pennerman et al., 2025"
"326","ASM4784466v1","GCA_047844665.1","Macrophomina phaseolina","Mph_28_R1","PRJNA953043","SAMN34104941","Common bean (Phaseolus vulgaris)","Valle del Cauca, Colombia","SRR24188403","Pennerman et al., 2025"
"327","ASM4767013v1","GCA_047670135.1","Macrophomina phaseolina","NQS8","PRJNA953043","SAMN42385488",NULL,NULL,NULL,"Pennerman et al., 2025"
"328","ASM4771725v1","GCA_047717255.1","Macrophomina phaseolina","NRRL 66190","PRJNA953043","SAMN34104617","Soybean (Glycine max)","Missouri, USA","SRR24188549","Pennerman et al., 2025"
"329","ASM4783680v1","GCA_047836805.1","Macrophomina phaseolina","CBS 144847","PRJNA953043","SAMN34104636","Strawberry (Fragaria x ananassa)","., Italy","SRR24188528","Pennerman et al., 2025"
"330","ASM4783978v1","GCA_047839785.1","Macrophomina phaseolina","TN-405","PRJNA953043","SAMN34104705","Soybean (Glycine max)","Tennessee, USA","SRR24188633","Pennerman et al., 2025"
"331","ASM4771705v1","GCA_047717055.1","Macrophomina phaseolina","MAC13-16","PRJNA953043","SAMN34104596","Cherry (Prunus avium)","California, USA","SRR24188654","Pennerman et al., 2025"
"332","ASM4766983v1","GCA_047669835.1","Macrophomina phaseolina","I55","PRJNA953043","SAMN42385499",NULL,NULL,NULL,"Pennerman et al., 2025"
"333","ASM4784009v1","GCA_047840095.1","Macrophomina phaseolina","159","PRJNA953043","SAMN34104740","Parsley (Petroselinum crispum)","California, USA","SRR24188594","Pennerman et al., 2025"
"334","ASM4766915v1","GCA_047669155.1","Macrophomina phaseolina","PJ11","PRJNA953043","SAMN42385507",NULL,NULL,NULL,"Pennerman et al., 2025"
"335","ASM4783982v1","GCA_047839825.1","Macrophomina phaseolina","TN-406","PRJNA953043","SAMN34104706","Soybean (Glycine max)","Tennessee, USA","SRR24188631","Pennerman et al., 2025"
"336","ASM4784035v1","GCA_047840355.1","Macrophomina phaseolina","529","PRJNA953043","SAMN34104763","Sycamore (Platanus occidentalis)","California, USA","SRR24188473","Pennerman et al., 2025"
"337","ASM4771712v1","GCA_047717125.1","Macrophomina phaseolina","MAC14-158","PRJNA953043","SAMN34104603","Muskmelon (Cucumis melo)","California, USA","SRR24188481","Pennerman et al., 2025"
"338","ASM4783936v1","GCA_047839365.1","Macrophomina phaseolina","TN-5","PRJNA953043","SAMN34104687","Soybean (Glycine max)","Tennessee, USA","SRR24188652","Pennerman et al., 2025"
"339","ASM4784122v1","GCA_047841225.1","Macrophomina phaseolina","410341","PRJNA953043","SAMN34104829","Hinoki cypress (Chamaecyparis obtusa)","Kanagawa, Japan","SRR24188463","Pennerman et al., 2025"
"340","ASM4783553v1","GCA_047835535.1","Macrophomina phaseolina","MAC13-15","PRJNA953043","SAMN34104595","Apple (Malus pumila)","California, USA","SRR24188389","Pennerman et al., 2025"
"341","ASM4772781v1","GCA_047727815.1","Macrophomina phaseolina","TN-378","PRJNA953043","SAMN34104701","Soybean (Glycine max)","Missouri, USA","SRR24188637","Pennerman et al., 2025"
"342","ASM4784374v1","GCA_047843745.1","Macrophomina phaseolina","MP250_R1","PRJNA953043","SAMN34104929","Soybean (Glycine max)","Georgia, USA","SRR24188416","Pennerman et al., 2025"
"343","ASM4784066v1","GCA_047840665.1","Macrophomina phaseolina","M.46","PRJNA953043","SAMN34104796","Soil (soil)","Huelva, Spain","SRR24188349","Pennerman et al., 2025"
"344","ASM4772773v1","GCA_047727735.1","Macrophomina phaseolina","TN-303","PRJNA953043","SAMN34104696","Soybean (Glycine max)","Wisconsin, USA","SRR24188642","Pennerman et al., 2025"
"345","ASM4784451v1","GCA_047844515.1","Macrophomina phaseolina","M_15_1_R1","PRJNA953043","SAMN34104932","Common bean (Phaseolus vulgaris)","Michigan, USA","SRR24188413","Pennerman et al., 2025"
"346","ASM4771718v1","GCA_047717185.1","Macrophomina phaseolina","M14-175","PRJNA953043","SAMN34104611","Sunflower (Helianthus annuus)","California, USA","SRR24188456","Pennerman et al., 2025"
"347","ASM4784462v1","GCA_047844625.1","Macrophomina phaseolina","Mph_49_R1","PRJNA953043","SAMN34104946","Common bean (Phaseolus vulgaris)","Cauca, Colombia","SRR24188685","Pennerman et al., 2025"
"348","ASM4784378v1","GCA_047843785.1","Macrophomina phaseolina","MP258_R1","PRJNA953043","SAMN34104930","Soybean (Glycine max)","South Carolina, USA","SRR24188415","Pennerman et al., 2025"
"349","ASM4772960v1","GCA_047729605.1","Macrophomina phaseolina","IN12_PO_3_R1","PRJNA953043","SAMN34104922","Soybean (Glycine max)","Indiana, USA","SRR24188424","Pennerman et al., 2025"
"350","ASM4783932v1","GCA_047839325.1","Macrophomina phaseolina","TN-4","PRJNA953043","SAMN34104686","Soybean (Glycine max)","Tennessee, USA","SRR24188653","Pennerman et al., 2025"
"351","ASM4784012v1","GCA_047840125.1","Macrophomina phaseolina","164","PRJNA953043","SAMN34104743","Iceland poppy (Papaver mudicaule)","California, USA","SRR24188495","Pennerman et al., 2025"
"352","ASM4766927v1","GCA_047669275.1","Macrophomina phaseolina","PJ1","PRJNA953043","SAMN42385505",NULL,NULL,NULL,"Pennerman et al., 2025"
"353","ASM4783980v1","GCA_047839805.1","Macrophomina phaseolina","TN-316","PRJNA953043","SAMN34104699","Soybean (Glycine max)","Kansas, USA","SRR24188639","Pennerman et al., 2025"
"354","ASM4784037v1","GCA_047840375.1","Macrophomina phaseolina","522","PRJNA953043","SAMN34104762","Winter squash (Cucurbita sp.)","California, USA","SRR24188474","Pennerman et al., 2025"
"355","ASM4766779v1","GCA_047667795.1","Macrophomina phaseolina","M13","PRJNA953043","SAMN42385525",NULL,NULL,NULL,"Pennerman et al., 2025"
"356","ASM4772882v1","GCA_047728825.1","Macrophomina phaseolina","MpCh14Str","PRJNA953043","SAMN34104812","Strawberry (Fragaria x ananassa)","., Chile","SRR24188578","Pennerman et al., 2025"
"357","ASM4784018v1","GCA_047840185.1","Macrophomina phaseolina","211","PRJNA953043","SAMN34104750","Olive (Olea europaea)","California, USA","SRR24188487","Pennerman et al., 2025"
"358","ASM4766991v1","GCA_047669915.1","Macrophomina phaseolina","I2","PRJNA953043","SAMN42385495",NULL,NULL,NULL,"Pennerman et al., 2025"
"359","ASM4771690v1","GCA_047716905.1","Macrophomina phaseolina","MAC11-20","PRJNA953043","SAMN34104589","Watermelon (Citrullus lanatus)","California, USA","SRR24188689","Pennerman et al., 2025"
"360","ASM4767134v1","GCA_047671345.1","Macrophomina phaseolina","NQSC17","PRJNA953043","SAMN42385482",NULL,NULL,NULL,"Pennerman et al., 2025"
"361","ASM4772875v1","GCA_047728755.1","Macrophomina phaseolina","TOR-960","PRJNA953043","SAMN34104810","Soil (Fragaria x ananassa)","., Spain","SRR24188580","Pennerman et al., 2025"
"362","ASM4784450v1","GCA_047844505.1","Macrophomina phaseolina","MpSDSU_R1","PRJNA953043","SAMN34104935","Ethiopian mustard (Brassica carinata)","South Dakota, USA","SRR24188410","Pennerman et al., 2025"
"363","ASM4784456v1","GCA_047844565.1","Macrophomina phaseolina","M_15_3_R1","PRJNA953043","SAMN34104933","Common bean (Phaseolus vulgaris)","Michigan, USA","SRR24188412","Pennerman et al., 2025"
"364","ASM4783690v1","GCA_047836905.1","Macrophomina phaseolina","CBS 270.34","PRJNA953043","SAMN34104639","Cowpea (Vigna unguiculata)","Missouri, USA","SRR24188525","Pennerman et al., 2025"
"365","ASM4772958v1","GCA_047729585.1","Macrophomina phaseolina","Et8_R1","PRJNA953043","SAMN34104920","Soybean (Glycine max)","Wisconsin, USA","SRR24188426","Pennerman et al., 2025"
"366","ASM4772853v1","GCA_047728535.1","Macrophomina phaseolina","6068-1","PRJNA953043","SAMN34104774","Raspberry (Rubus sp.)","California, USA","SRR24188375","Pennerman et al., 2025"
"367","ASM4772956v1","GCA_047729565.1","Macrophomina phaseolina","MP144_R1","PRJNA953043","SAMN34104925","Soybean (Glycine max)","Kentucky, USA","SRR24188421","Pennerman et al., 2025"
"368","ASM4784363v1","GCA_047843635.1","Macrophomina phaseolina","CR_Red_1_R1","PRJNA953043","SAMN34104918","Soybean (Glycine max)","Minnesota, USA","SRR24188428","Pennerman et al., 2025"
"369","ASM4772799v1","GCA_047727995.1","Macrophomina phaseolina","TN-546","PRJNA953043","SAMN34104725","Cotton (Gossypium sp.)","Texas, USA","SRR24188611","Pennerman et al., 2025"
"370","ASM4766892v1","GCA_047668925.1","Macrophomina phaseolina","Troncal 3 (3)","PRJNA953043","SAMN42385515",NULL,NULL,NULL,"Pennerman et al., 2025"
"371","ASM4772433v1","GCA_047724335.1","Macrophomina phaseolina","CBS 121.82","PRJNA953043","SAMN34104642","Sesame (Sesamum indicum)","., Sweden","SRR24188522","Pennerman et al., 2025"
"372","ASM4784160v1","GCA_047841605.1","Macrophomina phaseolina","BRIP 44996 a","PRJNA953043","SAMN34104857","Peanut (Arachis hypogaea)","Queensland, Australia","SRR24188346","Pennerman et al., 2025"
"373","ASM4772923v1","GCA_047729235.1","Macrophomina phaseolina","BRIP 68039 a","PRJNA953043","SAMN34104883","Strawberry (Fragaria x ananassa)","Victoria, Australia","SRR24188692","Pennerman et al., 2025"
"374","ASM4772834v1","GCA_047728345.1","Macrophomina phaseolina","497","PRJNA953043","SAMN34104760","Tomato (Solanum lycopersicum)","California, USA","SRR24188476","Pennerman et al., 2025"
"375","ASM4767121v1","GCA_047671215.1","Macrophomina phaseolina","NQSC19","PRJNA953043","SAMN42385484",NULL,NULL,NULL,"Pennerman et al., 2025"
"376","ASM4783941v1","GCA_047839415.1","Macrophomina phaseolina","TN-279","PRJNA953043","SAMN34104691","Soybean (Glycine max)","Tennessee, USA","SRR24188648","Pennerman et al., 2025"
"377","ASM4783565v1","GCA_047835655.1","Macrophomina phaseolina","NRRL 66188","PRJNA953043","SAMN34104615","Fir (Abies fraseri)","North Carolina, USA","SRR24188326","Pennerman et al., 2025"
"378","ASM4772435v1","GCA_047724355.1","Macrophomina phaseolina","CBS 313.51","PRJNA953043","SAMN34104641","Sorghum (Sorghum bicolor)","., Venezuela","SRR24188523","Pennerman et al., 2025"
"379","ASM4783992v1","GCA_047839925.1","Macrophomina phaseolina","TN-420","PRJNA953043","SAMN34104716","Soybean (Glycine max)","Mississippi, USA","SRR24188620","Pennerman et al., 2025"
"380","ASM4772962v1","GCA_047729625.1","Macrophomina phaseolina","MP223_R1","PRJNA953043","SAMN34104927","Soybean (Glycine max)","Texas, USA","SRR24188418","Pennerman et al., 2025"
"381","ASM4772813v1","GCA_047728135.1","Macrophomina phaseolina","61","PRJNA953043","SAMN34104738","Cowpea (Vigna sp.)","California, USA","SRR24188596","Pennerman et al., 2025"
"382","ASM4784596v1","GCA_047845965.1","Macrophomina phaseolina","W25_R1","PRJNA953043","SAMN34104958","Soybean (Glycine max)","Michigan, USA","SRR24188672","Pennerman et al., 2025"
"383","ASM4772841v1","GCA_047728415.1","Macrophomina phaseolina","559","PRJNA953043","SAMN34104764","Avocado (Persea americana)","California, USA","SRR24188472","Pennerman et al., 2025"
"384","ASM4784098v1","GCA_047840985.1","Macrophomina phaseolina","MpCh25Mel","PRJNA953043","SAMN34104815","Muskmelon (Cucumis melo)","., Chile","SRR24188575","Pennerman et al., 2025"
"385","ASM4771748v1","GCA_047717485.1","Macrophomina phaseolina","DSA 18-023","PRJNA953043","SAMN34104630","Blueberry (Vaccinium sect. corymbosum)","California, USA","SRR24188663","Pennerman et al., 2025"
"386","ASM4784094v1","GCA_047840945.1","Macrophomina phaseolina","193","PRJNA953043","SAMN34104749","Tomato (Solanum lycopersicum)","California, USA","SRR24188488","Pennerman et al., 2025"
"387","ASM4784594v1","GCA_047845945.1","Macrophomina phaseolina","W12_6_R1","PRJNA953043","SAMN34104957","Soybean (Glycine max)","Michigan, USA","SRR24188673","Pennerman et al., 2025"
"388","ASM4772964v1","GCA_047729645.1","Macrophomina phaseolina","MP249_R1","PRJNA953043","SAMN34104928","Soybean (Glycine max)","Georgia, USA","SRR24188417","Pennerman et al., 2025"
"389","ASM4784016v1","GCA_047840165.1","Macrophomina phaseolina","184","PRJNA953043","SAMN34104747","Muskmelon (Cucumis melo)","California, USA","SRR24188490","Pennerman et al., 2025"
"390","ASM4772879v1","GCA_047728795.1","Macrophomina phaseolina","MpCh4Str","PRJNA953043","SAMN34104818","Strawberry (Fragaria x ananassa)","., Chile","SRR24188571","Pennerman et al., 2025"
"391","ASM4783555v1","GCA_047835555.1","Macrophomina phaseolina","2FS PV6","PRJNA953043","SAMN34104587","Purple vetch (Vicia americana)","California, USA","SRR24188655","Pennerman et al., 2025"
"392","ASM4772869v1","GCA_047728695.1","Macrophomina phaseolina","M.20","PRJNA953043","SAMN34104788","Blueberry (Vaccinium sect. cyanococcus)","Huelva, Spain","SRR24188358","Pennerman et al., 2025"
"393","ASM4783998v1","GCA_047839985.1","Macrophomina phaseolina","TN-449","PRJNA953043","SAMN34104720","Soybean (Glycine max)","Colorado, USA","SRR24188616","Pennerman et al., 2025"
"394","ASM4772877v1","GCA_047728775.1","Macrophomina phaseolina","M.28","PRJNA953043","SAMN34104794","Blueberry (Vaccinium sect. cyanococcus)","Huelva, Spain","SRR24188352","Pennerman et al., 2025"
"395","ASM4771720v1","GCA_047717205.1","Macrophomina phaseolina","NRRL 66185","PRJNA953043","SAMN34104612","Soybean (Glycine max)","Missouri, USA","SRR24188445","Pennerman et al., 2025"
"396","ASM4772787v1","GCA_047727875.1","Macrophomina phaseolina","TN-438","PRJNA953043","SAMN34104717","Soybean (Glycine max)","North Dakota, USA","SRR24188619","Pennerman et al., 2025"
"397","ASM4784599v1","GCA_047845995.1","Macrophomina phaseolina","W3_5_R1","PRJNA953043","SAMN34104959","Soybean (Glycine max)","Michigan, USA","SRR24188671","Pennerman et al., 2025"
"398","ASM4772795v1","GCA_047727955.1","Macrophomina phaseolina","TN-448","PRJNA953043","SAMN34104719","Soybean (Glycine max)","Colorado, USA","SRR24188617","Pennerman et al., 2025"
"399","ASM4772775v1","GCA_047727755.1","Macrophomina phaseolina","TN-315","PRJNA953043","SAMN34104698","Soybean (Glycine max)","Kansas, USA","SRR24188640","Pennerman et al., 2025"
"400","ASM4771730v1","GCA_047717305.1","Macrophomina phaseolina","NRRL 66194","PRJNA953043","SAMN34104621","Redwood (Sequia sempervirens)","Minnesota, USA","SRR24188409","Pennerman et al., 2025"
"401","ASM4772783v1","GCA_047727835.1","Macrophomina phaseolina","TN-380","PRJNA953043","SAMN34104702","Soybean (Glycine max)","Mississippi, USA","SRR24188636","Pennerman et al., 2025"
"402","ASM4772777v1","GCA_047727775.1","Macrophomina phaseolina","TN-377","PRJNA953043","SAMN34104700","Soybean (Glycine max)","Missouri, USA","SRR24188638","Pennerman et al., 2025"
"403","ASM4771736v1","GCA_047717365.1","Macrophomina phaseolina","NRRL 66193","PRJNA953043","SAMN34104620","Soybean (Glycine max)","Minnesota, USA","SRR24188420","Pennerman et al., 2025"
"404","ASM4784060v1","GCA_047840605.1","Macrophomina phaseolina","M.17","PRJNA953043","SAMN34104785","Strawberry (Fragaria x ananassa)","Huelva, Spain","SRR24188363","Pennerman et al., 2025"
"405","ASM4771734v1","GCA_047717345.1","Macrophomina phaseolina","NRRL 66195","PRJNA953043","SAMN34104622","Soybean (Glycine max)","Kansas, USA","SRR24188686","Pennerman et al., 2025"
"406","ASM4772789v1","GCA_047727895.1","Macrophomina phaseolina","TN-439","PRJNA953043","SAMN34104718","Soybean (Glycine max)","North Dakota, USA","SRR24188618","Pennerman et al., 2025"
"407","ASM4783972v1","GCA_047839725.1","Macrophomina phaseolina","TN-296","PRJNA953043","SAMN34104695","Cotton (Gossypium sp.)","Tennessee, USA","SRR24188644","Pennerman et al., 2025"
"408","ASM4784367v1","GCA_047843675.1","Macrophomina phaseolina","Et17_R1","PRJNA953043","SAMN34104919","Soybean (Glycine max)","Wisconsin, USA","SRR24188427","Pennerman et al., 2025"
"409","ASM4784369v1","GCA_047843695.1","Macrophomina phaseolina","IN12_9_4_R1","PRJNA953043","SAMN34104921","Soybean (Glycine max)","Indiana, USA","SRR24188425","Pennerman et al., 2025"
"410","ASM4783702v1","GCA_047837025.1","Macrophomina phaseolina","CBS 227.33","PRJNA953043","SAMN34104645","Maize (Zea mays)","., Palestine","SRR24188519","Pennerman et al., 2025"
"411","ASM4783804v1","GCA_047838045.1","Macrophomina phaseolina","2005-108","PRJNA953043","SAMN34104657","Petunia (Petunia sp.)","Florida, USA","SRR24188505","Pennerman et al., 2025"
"412","ASM4772867v1","GCA_047728675.1","Macrophomina phaseolina","M.18","PRJNA953043","SAMN34104786","Strawberry (Fragaria x ananassa)","Huelva, Spain","SRR24188360","Pennerman et al., 2025"
"413","ASM4784001v1","GCA_047840015.1","Macrophomina phaseolina","TN-419","PRJNA953043","SAMN34104715","Soybean (Glycine max)","Minnesota, USA","SRR24188622","Pennerman et al., 2025"
"414","ASM4783994v1","GCA_047839945.1","Macrophomina phaseolina","TN-418","PRJNA953043","SAMN34104714","Soybean (Glycine max)","Minnesota, USA","SRR24188623","Pennerman et al., 2025"
"415","ASM4783551v1","GCA_047835515.1","Macrophomina phaseolina","Mp EL3","PRJNA953043","SAMN34104588","Strawberry (Fragaria x ananassa)","California, USA","SRR24188362","Pennerman et al., 2025"
"416","ASM4784030v1","GCA_047840305.1","Macrophomina phaseolina","377","PRJNA953043","SAMN34104757","Lavender (Lavandula angustifolia)","California, USA","SRR24188479","Pennerman et al., 2025"
"417","ASM4784044v1","GCA_047840445.1","Macrophomina phaseolina","744","PRJNA953043","SAMN34104765","Alfalfa (Medicago sativa )","California, USA","SRR24188471","Pennerman et al., 2025"
"418","ASM4772463v1","GCA_047724635.1","Macrophomina phaseolina","TN-146","PRJNA953043","SAMN34104688","Soybean (Glycine max)","Missouri, USA","SRR24188651","Pennerman et al., 2025"
"419","ASM4771732v1","GCA_047717325.1","Macrophomina phaseolina","NRRL 66191","PRJNA953043","SAMN34104618","Common bean (Phaseolus vulgaris)","Nebraska, USA","SRR24188538","Pennerman et al., 2025"
"420","ASM4771714v1","GCA_047717145.1","Macrophomina phaseolina","MPH3","PRJNA953043","SAMN34104610","Hebe (Hebe pinguifolia)","Oregon, USA","SRR24188563","Pennerman et al., 2025"
"421","ASM4772871v1","GCA_047728715.1","Macrophomina phaseolina","M.25","PRJNA953043","SAMN34104791","Blueberry (Vaccinium sect. cyanococcus)","Huelva, Spain","SRR24188355","Pennerman et al., 2025"
"422","ASM4783984v1","GCA_047839845.1","Macrophomina phaseolina","TN-417","PRJNA953043","SAMN34104713","Soybean (Glycine max)","Minnesota, USA","SRR24188624","Pennerman et al., 2025"
"423","ASM4783581v1","GCA_047835815.1","Macrophomina phaseolina","NRRL 66192","PRJNA953043","SAMN34104619","Fir (Abies sp.)","Michigan, USA","SRR24188431","Pennerman et al., 2025"
"424","ASM4784198v1","GCA_047841985.1","Macrophomina phaseolina","BRIP 68059 a","PRJNA953043","SAMN34104892","Sorghum (Sorghum sp. )","Queensland, Australia","SRR24188553","Pennerman et al., 2025"
"425","ASM4783829v1","GCA_047838295.1","Macrophomina phaseolina","2016-360","PRJNA953043","SAMN34104670","Strawberry (Fragaria x ananassa)","Florida, USA","SRR24188395","Pennerman et al., 2025"
"426","ASM4784025v1","GCA_047840255.1","Macrophomina pseudophaseolina","223","PRJNA953043","SAMN34104752",NULL,NULL,NULL,"Pennerman et al., 2025"
"427","ASM4783724v1","GCA_047837245.1","Macrophomina pseudophaseolina","CBS 137168","PRJNA953043","SAMN34104652","Okra (Abelmoschus esculentus)","., Senegal","SRR24188511","Pennerman et al., 2025"
"428","F467","GCA_047667075.1","Macrophomina sp. BRIP 63780","BRIP 63780; USQ339A","PRJNA953043","SAMN41017252","Soybean (Glycine max)","New South Wales, Australia","SRR28763100","Pennerman et al., 2025"
"429","ASM4766702v1","GCA_047667025.1","Macrophomina euphorbiicola","ARM505","PRJNA953043","SAMN41017256","Sweet potato (Ipomoea batatas)","Minas Gerais, Brazil","SRR28763095","Pennerman et al., 2025"
"430","ASM4783710v1","GCA_047837105.1","Macrophomina pseudophaseolina","CBS 137166","PRJNA953043","SAMN34104650","Cowpea (Vigna unguiculata)","., Senegal","SRR24188513","Pennerman et al., 2025"
"431","ASM4784168v1","GCA_047841685.1","Macrophomina pseudophaseolina","BRIP 52452 a","PRJNA953043","SAMN34104862","Parkinsonia (Parkinsonia aculeata )","Northern Territory, Australia","SRR24188341","Pennerman et al., 2025"
"432","ASM4783721v1","GCA_047837215.1","Macrophomina pseudophaseolina","CBS 137167","PRJNA953043","SAMN34104651","Hibiscus (Hibiscus sabdarifa)","., Senegal","SRR24188512","Pennerman et al., 2025"
"433","ASM4784076v1","GCA_047840765.1","Macrophomina pseudophaseolina","ARG-19","PRJNA953043","SAMN34104800","Common bean (Phaseolus vulgaris)","., Argentina","SRR24188591","Pennerman et al., 2025"
"434","ASM4784200v1","GCA_047842005.1","Macrophomina tecta","BRIP 68058 a","PRJNA953043","SAMN34104891","Sorghum (Sorghum sp. )","Queensland, Australia","SRR24188554","Pennerman et al., 2025"
"435","ASM4772929v1","GCA_047729295.1","Macrophomina tecta","70713","PRJNA953043","SAMN34104900","Sorghum (Sorghum bicolor )","Queensland, Australia","SRR24188544","Pennerman et al., 2025"
"436","ASM4772885v1","GCA_047728855.1","Macrophomina sp. 242773","242773","PRJNA953043","SAMN34104824","Fox grape (Cayratia tenuifolia)","Okinawa, Japan","SRR24188565","Pennerman et al., 2025"
"437","ASM4783940v1","GCA_047839405.1","Macrophomina tecta","TN-294","PRJNA953043","SAMN34104694","Maize (Zea mays)","Tennessee, USA","SRR24188645","Pennerman et al., 2025"
"438","ASM4771700v1","GCA_047717005.1","Macrophomina pseudophaseolina","MAC14-29","PRJNA953043","SAMN34104601","Chia (Salvia hispanica)","Arizona, USA","SRR24188599","Pennerman et al., 2025"
"439","ASM4766633v1","GCA_047666335.1","Macrophomina pseudophaseolina","WAC2767","PRJNA953043","SAMN41017270","Peanut (Arachis hypogaea)","Western Australia, Australia","SRR28763099","Pennerman et al., 2025"
"440","ASM4772792v1","GCA_047727925.1","Macrophomina tecta","TN-543","PRJNA953043","SAMN34104722","Maize (Zea mays)","Texas, USA","SRR24188614","Pennerman et al., 2025"
"441","ASM4772933v1","GCA_047729335.1","Macrophomina tecta","70717","PRJNA953043","SAMN34104901","Sorghum (Sorghum bicolor )","New South Wales, Australia","SRR24188543","Pennerman et al., 2025"
"442","ASM4784232v1","GCA_047842325.1","Macrophomina tecta","70720","PRJNA953043","SAMN34104902","Sorghum (Sorghum bicolor )","New South Wales, Australia","SRR24188542","Pennerman et al., 2025"
"443","ASM4784236v1","GCA_047842365.1","Macrophomina tecta","70729","PRJNA953043","SAMN34104903","Mung bean (Vigna radiata )","Queensland, Australia","SRR24188541","Pennerman et al., 2025"
"444","ASM4771738v1","GCA_047717385.1","Macrophomina pseudophaseolina","NRRL 13660","PRJNA953043","SAMN34104623","Sunflower (Helianthus annuus)","Texas, USA","SRR24188675","Pennerman et al., 2025"
