"Sr. no.","Full Reference","Source","Report Category"
"1","Ghosh, R., Tarafdar, A. and Sharma, M., Rapid and sensitive diagnoses of dry root rot pathogen of chickpea (Rhizoctonia bataticola (Taub.) Butler.)
using loop-mediated isothermal amplification assay. Scientific reports, 2017, 7, 1-12.
","https://www.ncbi.nlm.nih.gov/pmc/articles/PMC5316965/","Pathogen identification"
"2","Jana, T., Sharma, T.R., Prasad, R.D. and Arora, D.K., Molecular characterization of Macrophomina phaseolina and fusarium species by a single primer rapd technique. Microbiological research, 2003, 158, 249-
257.
","https://www.sciencedirect.com/science/article/pii/S09 44501304701263","Pathogen identification"
"3","Kaur, S., Dhillon, G.S., Brar, S.K., Vallad, G.E., Chand, R. and Chauhan, V.B., Emerging phytopathogen Macrophomina phaseolina: Biology, economic importance and current diagnostic trends. Critical Reviews in
Microbiology, 2012, 38, 136-151.
","https://pubmed.ncbi.nlm.nih.gov/22257260/","Review"
"4","Khaliq, A., Alam, S., Khan, I.U., Khan, D., Naz, S., Zhang, Y. and Shah, A.A., Integrated control of dry root rot of chickpea caused by Rhizoctonia bataticola under the natural field condition. Biotechnology Reports, 2020,
25, e00423.
","https://www.ncbi.nlm.nih.gov/pmc/articles/PMC6976924/","Disease management/pathogen control"
"5","Pande, S., Kishore, G.K., Upadhyaya, H. and Rao, J.N., Identification of sources of multiple disease resistance in mini-core collection of chickpea.
Plant Disease, 2006, 90, 1214-1218.
","https://pubmed.ncbi.nlm.nih.gov/30781104/","Resistance screening"
"6","Singh, K. and Reddy, M., Advances in disease-resistance breeding in
chickpea. Advances in Agronomy, 1991, 45, 191-222.
","http://oar.icrisat.org/2908/1/JA_1124.pdf","Review"
"7","Singh, S., Nene, Y. and Reddy, M., Influence of cropping systems on
Macrophomina phaseolina populations in soil. Plant Disease 1990, 74, 812-814.
","http://oar.icrisat.org/4982/1/JA%20969.pdf","Disease management/pathogen control"
"8","Sinha, R., Irulappan, V., Mohan-Raju, B., Suganthi, A. and Senthil-Kumar,
M., Impact of drought stress on simultaneously occurring pathogen infection in field-grown chickpea. Scientific reports, 2019, 9, 1-15.
","https://www.nature.com/articles/s41598-019-41463-z","Impact of combined stress"
"9","Sinha, R., Irulappan, V., Patil, B.S., Reddy, P.C.O., Ramegowda, V., Mohan-Raju, B., Rangappa, K., Singh, H.K., Bhartiya, S. and Senthil- Kumar, M., Low soil moisture predisposes field-grown chickpea plants to
dry root rot disease: Evidence from simulation modeling and correlation analysis. Scientific reports, 2021, 11, 1-12.
","https://pmc.ncbi.nlm.nih.gov/articles/PMC7985499/","Impact of combined stress"
"10","Taubenhaus, J.J., The black rots of the sweet potato. Phytopathology, 1913,
3, 159-165.
","NA","First report"
"11","Trapero Casas, A. and Jiménez Díaz, R.M., Fungal wilt and root rot diseases of chickpea in southern Spain. Phytopathology, 1985.","https://www.apsnet.org/publications/phytopathology/backissues/Documents/1985Abstracts/Phyto75_1146.h","Disease survey"
"12","Živanov, D., TančićŽivanov, S., Nagl, N., Savić, A., Katanski, S. and Milić, D., First report of Macrophomina phaseolina causing dry root rot of
chickpea (Cicer arietinum) in Serbia. Plant Disease, 2019, 103, 2685.
","https://apsjournals.apsnet.org/doi/10.1094/PDIS-03-19-0652-PDN","Pathogen report"
"13","Aghakhani, M. and Dubey, S.C., Determination of genetic diversity among Indian isolates of Rhizoctonia bataticola causing dry root rot of chickpea. Antonie van Leeuwenhoek, 2009, 96, 607-619.","https://pubmed.ncbi.nlm.nih.gov/19760515/","Pathogen diversity"
"14","Akhtar, M. and Siddiqui, Z., Use of plant growth-promoting rhizobacteria
for the biocontrol of root-rot disease complex of chickpea. Australasian Plant Pathology, 2009, 38, 44-50.
","https://link.springer.com/article/10.1071/AP08075","Disease management/pathogen control"
"15","Akhtar, M. and Siddiqui, Z., Biocontrol of a chickpea root-rot disease
complex with Glomus intraradices, Pseudomonas putida and Paenibacillus polymyxa. Australasian Plant Pathology, 2007, 36, 175-180.
","https://link.springer.com/article/10.1071/AP07006","Disease management/pathogen control"
"16","Akhtar, M. and Siddiqui, Z., Effects of phosphate solubilizing
microorganisms on the growth and root-rot disease complex of chickpea. MIKOLOGIIA I FITOPATOLOGIIA, 2006, 40, 246.
","https://www.researchgate.net/publication/233397329_Effects_of_phosphate_solubilizing_microorganisms_","Disease management/pathogen control"
"17","Akhtar, M.S. and Siddiqui, Z.A., Effects of Glomus fasciculatum and Rhizobium sp. On the growth and root-rot disease complex of chickpea. Archives of Phytopathology Plant Protection, 2007, 40, 37- 43.","https://www.researchgate.net/profile/Mohd-Sayeed- Akhtar/publication/233026425_Effects_of_Glomus_f a","Disease management/pathogen control"
"18","Ashby, S., Macrophomina phaseoli (Maubl.) comb. Nov. The pycnidial
stage of Rhizoctonia bataticola (Taub.) Butl. Transactions of the British Mycological Society, 1927, 12, 141-147.
","https://www.sciencedirect.com/science/article/abs/pii/ S0007153627800082","Pathogen nomenclature"
"19","Ashraf, M.S., Khan, T.A. and Hasan, S., Reaction of chickpea varieties to
Macrophomina phaseolina and their effect on peroxidase activity. Pakistan Journal of Botany, 2005, 37, 761.
","http://www.pakbs.org/pjbot/PDFs/37(3)/PJB37(3)761
.pdf
","Resistance screening Physiological basis of resistance"
"20","Bekele, D., Tesfaye, K., Fikre, A. and Cook, D.R., The extent and association of chickpea fusarium wilt and root rot disease pressure with major biophysical factors in Ethiopia. Journal of Plant Pathology &
Microbiology, 2021, 1-11.
","https://link.springer.com/article/10.1007/s42161-021- 00779-4","Pathogen report"
"21","Damte, T. and Ojiewo, C.O., Current status of wilt/root rot diseases in major chickpea growing areas of Ethiopia. Archives of Phytopathology
Plant Protection, 2016, 49, 222-238.
","https://www.tandfonline.com/doi/abs/10.1080/03235 408.2016.1180925","Pathogen report"
"22","Dubey, S.C., Tripathi, A., Bhavani, R. and Singh, B., Evaluation of seed dressing and soil application formulations of Trichoderma species for integrated management of dry root rot of chickpea. Biocontrol Science
Technology, 2011, 21, 93-100.
","https://www.tandfonline.com/doi/abs/10.1080/09583 157.2010.528557","Disease management/pathogen control"
"23","Haware, M., Nene, Y. and Natarajan, M., The survival of Fusarium oxysporum f. Sp. Ciceri in the soil in the absence of chickpea.
Phytopathologiamediterranea, 1996, 9-12.
","http://oar.icrisat.org/4260/1/CP_287.pdf","Pathogen biology"
"24","Irulappan, V. and Senthil-Kumar, M., Dry root rot disease assays in
chickpea: A detailed methodology. J Vis Exp, 2021, 167, e61702.
","https://www.jove.com/v/61702/dry-root-rot-disease-
assays-in-chickpea-a-detailed-methodology
","Protocol"
"25","Izhar, I., Ehteshamul-Haque, S., Javeed, M. and Ghaffar, A., Efficacy of pseudomonas aeruginosa and bradyrhizobium sp., in the control of root rot
disease in chickpea. Pakistan Journal of Botany, 1995, 27, 451-456.
","http://www.pakbs.org/pjbot/PDFs/27(2)/PJB27(2)24. pdf","Disease management/pathogen control"
"26","Kaur, L., Sandhu, J. and Gupta, S., Multiple disease resistance-a solution for encouraging chickpea (Cicer arietinum) cultivation in various climatic zones in india. The Indian Journal of Agricultural Sciences, 2008, 78.","https://www.researchgate.net/publication/290092922
_Multiple_disease_resistance_-
_A_solution_for_","NA"
"27","Khot, G., Tauro, P. and Dadarwal, K., Rhizobacteria from chickpea (Cicer arietinum l) rhizosphere effective in wilt control and promote nodulation.
Indian Journal of Microbiology, 1996, 36, 217-222.
","NA","Disease management/pathogen control"
"28","Kumar, V., Kumar, A. and Kharwar, R., Antagonistic potential of fluorescent pseudomonads and control of charcoal rot of chickpea caused by Macrophomina phaseolina. Journal of Environmental Biology, 2007,
28, 15-20.
","https://citeseerx.ist.psu.edu/viewdoc/download?doi=1 0.1.1.1082.8206&rep=rep1&type=pdf","Disease management/pathogen control"
"29","Kumari, P., Khanna, V., Sharma, P. and Kumari, S., Metabolites in control of Rhizoctonia bataticola. Journal of Pure & Applied Microbiology, 2015,
9, 749-756.
","https://www.researchgate.net/publication/275098889
_Metabolites_in_Control_of_Rhizoctonia_bataticol","Disease management/pathogen control"
"30","Lakhran, L. and Ahir, R., In-vivo evaluation of different fungicides, plant extracts, biocontrol agents and organics amendments for management of
dry root rot of chickpea caused by Macrophomina phaseolina. Legume Research: An International Journal, 2020, 43.
","https://arccjournals.com/journal/legume-research-an- international-journal/LR-3939","Disease management/pathogen control"
"31","Lodha, S. and Mawar, R., Population dynamics of Macrophomina phaseolina in relation to Disease management/pathogen control: A review.
Journal of Phytopathology, 2020, 168, 1-17.
","https://onlinelibrary.wiley.com/doi/abs/10.1111/jph.1 2854?af=R","Pathogen diversity"
"32","Mahdizadeh, V., Safaie, N., Goltapeh, E.M. and Mayek-Perez, N., Intraspecies diversity of Macrophomina phaseolina in iran. Archives of
Phytopathology & Plant Protection, 2012, 45, 963-976.
","https://www.tandfonline.com/doi/full/10.1080/03235 408.2012.655146","Pathogen diversity"
"33","Manjunatha, H. and Saifulla, M., Variation in virulence of Macrophomina phaseolina isolates causing dry root rot of chickpea and performance of chickpea genotypes against this disease. Legume Research-An
International Journal, 2018, 41, 468-473.
","https://arccjournals.com/journal/legume-research-an- international-journal/LR-3745","Pathogen diversity"
"34","Manjunatha, H. and Saifulla, M., Management of dry root rot in chickpea (Cicer arietinum l.) caused by Macrophomina phaseolina by utilizing host plant resistance, fungicides and bioagents. Legume Research: An
International Journal, 2021, 44.
","https://arccjournals.com/journal/legume-research-an- international-journal/LR-3820","Disease management/pathogen control"
"35","Manjunatha, S., Naik, M., Khan, M. and Goswami, R., Evaluation of bio- control agents for management of dry root rot of chickpea caused by
Macrophomina phaseolina. Crop protection, 2013, 45, 147-150.
","https://www.sciencedirect.com/science/article/pii/S02 61219412002517?via%3Dihub","Disease management/pathogen control"
"36","Mohammadi, H. and BANIHASHEMI, Z., Distribiution, pathogenicity and survival of fusarium spp. The causal agents of chickpea wilt and root rot in the Fars province of iran. IRANIAN JOURNAL OF PLANT
PATHOLOGY 2005, 41, 687-708.
","https://www.sid.ir/en/journal/ViewPaper.aspx?id=98 194","Review"
"37","Rao, P.A. and Haware, M., Inheritance of dry root rot (Rhizoctonia
bataticola) resistance in chickpea (Cicer arietinum). Plant breeding, 1987, 98, 349-352.
","https://onlinelibrary.wiley.com/doi/abs/10.1111/j.143 9-0523.1987.tb01142.x","Molecular basis of resistance"
"38","Sharma, M., Ghosh, R. and Pande, S., Dry root rot (Rhizoctonia bataticola
(Taub.) Butler.): An emerging disease of chickpea–where do we stand? Archives of Phytopathology & Plant Protection, 2015, 48, 797-812.
","https://www.tandfonline.com/doi/abs/10.1080/03235 408.2016.1140564","Review"
"39","Siddiqui, Z. and Akhtar, M., Biocontrol of a chickpea root-rot disease complex with phosphate-solubilizing microorganisms. Journal of Plant
Pathology, 2007, 67-77.
","http://www.sipav.org/main/jpp/volumes/0107/010707
.pdf
","Disease management/pathogen control"
"40","Srivastava, A., Singh, R.P., Srivastava, A.K., Saxena, A.K. and Arora, D.K., Growth promotion and charcoal rot management in chickpea by
Trichoderma harzianum. Journal of Plant Protection Research, 2008.
","http://www.plantprotection.pl/Growth-promotion- and-charcoal-rot-management-in-Chickpea-by-
Trichod","Disease management/pathogen control"
"41","Talekar, S., Viswanatha, K. and Lohithasawa, H., Screening chickpea genotypes for resistance to Rhizoctonia bataticola in controlled conditions.
Legume Research: An International Journal, 2021, 44.
","https://arccjournals.com/journal/legume-research-an- international-journal/LR-4061","Resistance screening"
"42","Talekar, S.C., Lohithaswa, H.C. and Viswanatha, K.P., Identification of resistant sources and DNA markers linked to genomic region conferring dry root rot resistance in chickpea (Cicer arietinum l.). Plant Breeding,
2017, 136, 161-166.
","https://onlinelibrary.wiley.com/doi/abs/10.1111/pbr.1 2448","Resistance screening"
"43","Tonin, R.F.B., Avozani, A., Danelli, A.L.D., Reis, E.M., Zoldan, S.M. and Garcés-Fiallos, F.R., In vitro mycelial sensitivity of Macrophomina phaseolina to fungicides. PesquisaAgropecuária Tropical, 2013, 43, 460-
466.
","https://www.redalyc.org/pdf/2530/253028843014.pdf

","Disease management/pathogen control"
"44","Yimer, S.M., Ahmed, S., Fininsa, C., Tadesse, N., Hamwieh, A. and Cook, D.R., Distribution and factors influencing chickpea wilt and root rot
epidemics in Ethiopia. Crop Protection, 2018, 106, 150-155.
","https://www.sciencedirect.com/science/article/pii/S02 61219417303824?via%3Dihub","Pathogen distribution"
"45","Akhtar, M. and Siddiqui, Z., Effects of phosphate solubilizing microorganisms and rhizobium sp on the growth, nodulation, yield and
root-rot disease complex of chickpea under field condition. African Journal of Biotechnology, 2009, 8, 3489-3496.
","https://www.ajol.info/index.php/ajb/article/view/6183 3","Disease management/pathogen control"
"46","AL-TAAE, A.K., AL, H.H.W.A.-T. and AL-JOBORY, S.A.E., Screening
of chickpea (Cicer arietinum l.) varieties against Macrophomina phaseolina. Plant Cell Biotechnology and Molecular Biology, 2021, 114- 120.
","https://www.ikprress.org/index.php/PCBMB/article/v iew/5940","Resistance screening"
"47","Arya, M., Dwivedi, S. and Chaturvedi, S., Management of biotic stresses in chickpea exploiting host plant resistance. International Journal of Agriculture, Environment Biotechnology Reports, 2019, 12, 141-149.","http://ndpublisher.in/admin/issues/IJAEBv12n2j.pdf","Disease management/pathogen control"
"48","Assfaw, D. and Negash, T., Spatial distribution and association of chickpea wilt/root rots epidemics with biophysical factors at west shewa, oromia regional state, ethiopia. Journal of Plant Pathology & Microbiology, 2020,
11.
","https://www.longdom.org/open-access/spatial- distribution-and-association-of-chickpea-wiltroot- rots","Pathogen distribution and biology"
"49","Babbar, A. and Gupta, O., Exploitation of short duration, multiple resistant, high yielding, promising kabuli chickpea lines for crop diversification in
agro-climatic zones of Madhya Pradesh, india. JNKVV RESEARCH JOURNAL, 2012, 46, 307-312.
","http://jnkvv.org/PDF/JNKVV%20Res%20Journal%2 02012%20-%2046-3250615020233.pdf","Disease management/pathogen control"
"50","Bharti, O., Jatav, R., Bankoliya, M., Kumar, S., Tiwari, S. and Sharma, R., Efficacy of fungicides on dry root rot of chickpea under field condition.
International Journal of Chemical Studies, 2021, 9, 29-30.
","https://www.researchgate.net/publication/350277079
_Efficacy_of_fungicides_on_dry_root_rot_of_chick","Disease management/pathogen control"
"51","Bhavani, D.G., Kumari, A.M. and Kumar, A.K., Chickpea endophytic bacteria inhibiting dry root rot fungus Rhizoctonia bataticola. International Journal of Scientific Engineering Research, 2015, 6, 83-85.","https://www.researchgate.net/profile/Munikumari- Anday/publication/291246936_Chickpea_Endophyti c_Ba","Disease management/pathogen control"
"52","Chiranjeevi, N., Kumar, M.R., Padmodaya, B., Venkateswarlu, N.C. and Sudhakar, P., Occurrence and distribution of dry root rot in major chickpea growing regions of Andhra Pradesh. Indian Journal of Pure & Applied
Biosciences, 2019, 7, 448-456.
","http://www.ijpab.com/form/2019%20Volume%207,
%20issue%204/IJPAB-2019-7-4-448-456.pdf
","Pathogen distribution"
"53","Chiranjeevi, N., Kumar, M.R., Padmodaya, B., Venkateswarlu, N.C., Sudhakar, P., Devi, R.S.J. and Jyothsna, M.K., In vitro evaluation of endophytic bacteria for their efficacy against chickpea dry root rot causing pathogen (Rhizoctonia bataticola (Taub.) Butler.). International Journal of
Current Microbiology and Applied Sciences, 2020, 9, 2028-2043.
","https://www.researchgate.net/publication/349484938
_In_vitro_Evaluation_of_Endophytic_Bacteria_for_","Disease management/pathogen control"
"54","Desai, P., Patil, B., Vijayakumar, A., Basavarajappa, M., Subramanya, A.,
Bharadwaj, C. and Kulkarni, V., Dry root rot resistance in chickpea studies on genetic and molecular variations. Vegetos, 2017, 30, 23-28.
","https://www.cabdirect.org/cabdirect/abstract/2020300 0916","Molecular basis of resistance"
"55","Devi, T.P., Kamil, D., Mehndiratta, R., Prabhakaran, N. and Toppo, R.S., Molecular and morphological diversity of Rhizoctonia bataticola causing
dry root rot disease from india. Journal of Pure Applied Microbiology, 2016, 10, 2735-2745.
","https://microbiologyjournal.org/molecular-and- morphological-diversity-of-Rhizoctonia-bataticola- ca","Pathogen diversity"
"56","Dhingani, J. and Solanky, K., Integrated management of root rot disease [Macrophomina phaseolina (Tassi..) Goid.] of chickpea through bioagents, oil cakes and chemicals under field conditions in south Gujarat conditions.
Plant Archives, 2016, 16, 186-186.
","http://plantarchives.org/PDF%2016%20-%201/183- 186%20(PA3-3134).pdf","Disease management/pathogen control"
"57","Dunge, P., Bhatt, J. and Patel, C., Management of dry root rot of chickpea through botanical, plant bi-product and bio-control agent. International Journal of Chemical Studies, 2020, 8, 1233-1245.","https://www.chemijournal.com/archives/?year=2020 &vol=8&issue=2&ArticleId=8935&si=false","Disease management/pathogen control"
"58","Gaikwad, P., Dhutraj, D. and Ambadkar, C., Effect of soil moisture regimes and soil types on incidence of Rhizoctonia bataticola causing dry root rot of chickpea. International Journal of Chemical Studies, 2020, 8, 1736-1739.
","https://www.chemijournal.com/archives/?year=2020 &vol=8&issue=2&ArticleId=9010&si=false","Impact of combined stress and edaphic factors"
"59","Gaikwad, P., Dhutraj, D. and Ambadkar, C., Cultural and genetic diversity of Rhizoctonia bataticola isolates causing dry root rot of chickpea.
International Journal of Current Microbiology and Applied Sciences, 2020, 9, 981-996.
","https://www.ijcmas.com/9-4- 2020/P.%20A.%20Gaikwad,%20et%20al.pdf","Pathogen variability"
"60","Gaikwad, P., Dhutraj, D., Ambadkar, C. and Navgire, K., Integrated Disease management of Rhizoctonia bataticola causing dry root rot of chickpea. Journal of Pharmacognosy & Phytochemistry, 2020, 9, 3302-
3306.
","https://www.phytojournal.com/archives/2020/vol9iss ue4/PartAG/9-4-267-416.pdf","Disease management/pathogen control"
"61","Gowdra, N., Muhammad, S. and Narendrappa, T., In-vitro evaluation of fungicides, bioagents and botanicals against Macrophomina phaseolina (Tassi.) Goid. the causal agent of dry root rot in chickpea. Mysore Journal
of Agricultural Sciences, 2012, 46, 778-783.
","NA","Disease management/pathogen control"
"62","Gowdra, N., Muhammad, S., Pavithra, S. and Suresh, S., Morphological variability of Macrophomina phaseolina (Tassi.) Goid., causal agent of dry
root rot disease of chickpea (Cicer arietinum l.). International Journal of Plant Protection, 2015, 8, 69-72.
","http://researchjournal.co.in/online/IJPP/IJPP%208(1)/ 8_69-72_A.pdf","Pathogen diversity"
"63","Goyal, M. and Mehrotra, R., Chemical control of root rot of gram caused
by Rhizoctonia bataticola. Acta Botanica Indica, 1981, 9, 228-232.
","NA","Disease management/pathogen control"
"64","Gupta, O., Patel, S. and Mishra, M., Diversity in isolates of Rhizoctonia bataticola causing dry root rot in chickpea from central india. JNKVV
Research Journal, 2012, 46, 376-381.
","http://jnkvv.org/PDF/JNKVV%20Res%20Journal%2 02012%20-%2046-3250615020233.pdf","Pathogen diversity"
"65","Gupta, O., Rathi, M. and Mishra, M., Screening for resistance against
Rhizoctonia bataticola causing dry root-rot in chickpea. Journal of Food Legumes, 2012, 25, 139-141.
","https://www.indianjournals.com/ijor.aspx?target=ijor: jfl&volume=25&issue=2&article=013","Resistance screening"
"66","Gupta, O. and Sharma, M., Dry root rot of chickpea: An overview. . Food
Legumes, 2015, 28, 267-276.
","http://www.isprd.in/pdf/jfldec15_180117.pdf","Review"
"67","Gupta, R.N., Srinivasaraghavan, A. and Ansar, M., Exploration of
resistance sources against dry root rot and stunt disease of chickpea. Research in Environment and Life Sciences, 2016, 9, 1168-1170.
","https://www.researchgate.net/publication/332071637
_Exploration_of_resistance_sources_against_dry_r","Resistance screening"
"68","Hanuman, L. and Bindu Madhavi, G., Screening of chickpea (Cicer arietinum l.) germplasm lines against dry root rot disease caused by
Rhizoctonia bataticola (Taub.) Butler.. Journal of Pharmacognosy and Phytochemistry, 2018, 7, 457-458.
","https://www.phytojournal.com/archives/?year=2018 &vol=7&issue=3&ArticleId=4221","Resistance screening"
"69","Jainapur, V., Huilgol, S.N., Vastrad, S.M. and Jolli, R.B., Antagonistic activity of biocontrol agents against Rhizoctonia bataticola causing dry
root rot (DRR) in chickpea. International Journal of Current Microbiology and Applied Sciences, 2019, 8, 1591-1595.
","https://www.ijcmas.com/8-2- 2019/Veenashri%20Jainapur,%20et%20al.pdf","Disease management/pathogen control"
"70","Jainapur, V., Laxuman, Yeri, S.B., Hiremath, S. and Mahalinga, D.,
Isolation and validation of dry root rot causing pathogen Rhizoctonia bataticola in chickpea (Cicer arietinum l.). International Journal of Current
Microbiology and Applied Sciences, 2020, 9, 688-693.

","https://www.ijcmas.com/9-9-
2020/Veenashri%20Jainapur,%20et%20al.pdf
","Pathogen isolation/identification"
"71","Jayalakshmi, S., Usharani, S., Benagi, V. and Mannur, D., Sources of resistance to dry root rot of chickpea caused by Rhizoctonia bataticola.
Agricultural Science Digest, 2008, 28, 147-148.
","https://www.arccjournals.com/uploads/articles/asd28 2022.pdf","Resistance screening"
"72","Jyothi, V. and Saifulla, M., Invitro evaluation of bioagents and chemical fungicides against dry root rot of chickpea caused by Macrophomina phaseolina in southern parts of Karnataka. Bulletin of Environment,
Pharmacology and Life Sciences, 2017, 6, 412-417.
","http://bepls.com/spl_2017(2)/87.pdf","Disease management/pathogen control"
"73","Kadam, A., Chavan, S., Dhutraj, D. and Rewale, K., Survey of dry root rot
of chickpea incidence in Marathwada region. Journal of Pharmacognosy & Phytochemistry, 2018, 3004-3008.
","https://www.phytojournal.com/special- issue?year=2018&vol=7&issue=1S&ArticleId=3943","Disease incidence"
"74","Kataria, L., Gaur, V. and Sharma, R., Assessment of genetic variability in Rhizoctonia bataticola infecting chickpea isolates using pathogenicity and RAPD markers. Indian Journal of Mycology and Plant Pathology, 2007,
37, 491-494.
","NA","Pathogen diversity"
"75","Kaushal, R. and Richa, S., Management of root rot in chickpea. Journal of
Food Legumes, 2008, 21, 178-181.
","NA","NA"
"76","Khan, M. and Gangopadhyay, S., Efficacy of pseudomonas fluorescens in controlling root rot of chickpea caused by Macrophomina phaseolina.
Journal of Mycology and Plant Pathology, 2008, 38, 580-587.
","NA","Disease management/pathogen control"
"77","Khan, R.A., Bhat, T.A. and Kumar, K., Management of chickpea (Cicer arietinum l.) dry root rot caused by Rhizoctonia bataticola (Taub.) Butler..
International Journal of Research in pharmaceutical Biomedical Sciences, 2012, 3, 1539-1548.
","http://eprints.icrisat.ac.in/8646/","Disease management/pathogen control"
"78","Kulkarni, V. and Ashtaputre, S., Evaluation of bio-efficacy and phytotoxicity of thiophenate methyl 450g/l+ pyreclostrobin 50g/l (xelora 500g/l fs) against dry root rot of chickpea. International Journal of Current Microbiology and Applied Sciences, 2020, 9, 848-852.","https://www.ijcmas.com/abstractview.php?ID=15702 &vol=9-1-2020&SNo=93","Disease management/pathogen control"
"79","KUMAR, P.J., KUMAR, S.P., KASHYAP VIVEK, S.R. and SATISH, P.,
Evaluation of botanicals and bio-agents against Rhizoctonia bataticola causing dry root rot of chickpea. International Journal of Microbiology Research, 2018, 10, 1186-1190.
","https://www.bioinfopublication.org/jouarchive.php?o pt=&jouid=BPJ0000234","Disease management/pathogen control"
"80","Kumar, S.R., Srinivas, T., Kumari, V.P. and Kumar, D.S.R., Integrated
management of dry root rot [Rhizoctonia bataticola (Taub.) Butler.] of chickpea. International Journal of Plant Sciences, 2019, 14, 1-9.
","http://researchjournal.co.in/online/IJPS/IJPS%2014(1
)/14_1-9_A.pdf
","Disease management/pathogen control"
"81","Lakhran, L. and Ahir, R., Integrated management and host plant resistance against dry root rot [Macrophomina phaseolina (Tassi..) Goid.] of
chickpea. International Journal of Current Microbiology and Applied Sciences, 2018, 7, 1266-1273.
","https://www.ijcmas.com/7-7- 2018/Lalita%20Lakhran%20and%20R.R.%20Ahir.p df","Disease management/pathogen control"
"82","Lakhran, L., Ahir, R., Choudhary, M. and Choudhary, S., Isolation,
purification, identification and pathogenicity of Macrophomina phaseolina (Tassi.) Goid. caused dry root rot of chickpea. Journal of Pharmacognosy
and Phytochemistry, 2018, 7, 3314-3317.

","https://www.phytojournal.com/archives/2018/vol7iss
ue3/PartAS/7-3-442-786.pdf
","Pathogen identification"
"83","Lekhraj, K., Gaur, V. and Panwar, P., Cultural and pathogenic variability among isolates of Rhizoctonia bataticola causing dry root rot in chickpea.
Journal of Mycology and Plant pathology, 2012, 42, 520-522.
","NA","Pathogen diversity"
"84","Lokesh, R., Rakholiya, K. and Thesiya, M., Evaluation of different fungicides against Macrophomina phaseolina (Tassi.) Goid.. Causing dry root rot of chickpea (Cicer arietinum l.) invitro. International Journal of
Current Microbiology and Applied Sciences, 2020, 9, 1-11.
","https://www.researchgate.net/publication/342701966
_Evaluation_of_Different_Fungicides_against_Macr","Disease management/pathogen control"
"85","Mamta, S. and Suresh, P., Unravelling effects of temperature and soil moisture stress response on development of dry root rot [Rhizoctonia bataticola (Taub.)] Butler. in chickpea. American Journal of Plant
Sciences, 2013, 4, 584-589.
","https://www.scirp.org/journal/paperinformation.aspx? paperid=28999","Impact of combined stress"
"86","Manjunatha, S. and Naik, M., Cultural and morphological diversity in isolates of Rhizoctonia bataticola causing dry root rot of chickpea. Journal of Mycology and Plant pathology, 2011, 41, 279-281.","https://www.researchgate.net/publication/267151648
_Cultural_and_morphological_diversity_in_isolate","Pathogen diversity"
"87","Manjunatha, S., Naik, M., Patil, M., Devika, G. and Sudha, R., Prevalence of dry root rot of chickpea in north-eastern Karnataka. Karnataka Journal
of Agricultural Sciences, 2011, 24, 404-405.
","http://14.139.155.167/test5/index.php/kjas/article/vie w/5280","Disease incidence"
"88","Manjunatha, S., Naik, M., Patil, M. and RANI, G.D., Biological control of dry root rot of chickpea caused by Rhizoctonia bataticolat aub. Journal of
Mycopathological Research, 2011, 49, 127-130.
","https://www.cabdirect.org/cabdirect/abstract/2013327 7202","Disease management/pathogen control"
"89","Mohamed, O., Ahmed, S., Singh, M. and Ahmed, N., Association of crop production practices on the incidence of wilt and root rot diseases of
chickpea in the Sudan. Arab Journal of Plant Protection, 2018, 36, 21-26.
","https://asplantprotection.org/wp- content/uploads/2018/07/Vol36-1_21-26.pdf","Disease incidence"
"90","More, P., Parate, R. and Mairan, N., Evaluation of botanicals and bioagents
to record the root, shoot length and vigor index of chickpea. International Journal of Plant Protection, 2016, 9, 483-488.
","http://researchjournal.co.in/online/IJPP/IJPP%209(2)/ 9_483-488_A.pdf","Disease management/pathogen control"
"91","Nagamani, P., Biswas, M.K. and Bhagat, S., Status of root rot diseases in chickpea growing Rayalaseema region of Andhra Pradesh. Progressive Research – An International Journal, 2015, 10, 320-322.","https://www.researchgate.net/publication/324112441
_STATUS_OF_ROOT_ROT_DISEASES_IN_CHIC K_PEA_GROWI","Disease incidence"
"92","Nagamani, P., Viswanath, K. and Babu, T., Management of dry root rot
caused by Rhizoctonia bataticola (Taub.) Butler. in chickpea. Current Biotica, 2011, 5, 364-369.
","https://www.ets-
staffing.com/currentbiotica/Journals5- IssueIII/CB5(3)-Short-notes2.pdf
","Disease management/pathogen control"
"93","Pande, S., Kishore, G.K. and Rao, J.N., Evaluation of chickpea lines for
resistance to dry root rot caused by Rhizoctonia. International Chickpea Pigeonpea Newsletter, 2004, 11, 37-38.
","http://oar.icrisat.org/4850/","Resistance screening"
"94","Pandey, R., Gohel, N. and Jaisani, P., Management of wilt and root rot of chickpea caused by fusarium oxysporum f. Sp. Ciceri and Macrophomina phaseolina through seed biopriming and soil application of bio-agents. International Journal of Current Microbiology and Applied Sciences, 2017,
6, 2516-2522.
","https://www.ijcmas.com/abstractview.php?ID=2522 &vol=6-5-2017&SNo=282","Disease management/pathogen control"
"95","Partap, M. and Godara, S., Nutritional and physiological requirement of Macrophomina phaseolina (Tassi.) Goid.. Causing dry root rot of chickpea. International Journal of Current Microbiology and Applied
Sciences, 2020, 9, 690-697.
","https://www.ijcmas.com/abstractview.php?ID=15683 &vol=9-1-2020&SNo=74","Pathogen biology"
"96","Patel, P., Wasnikar, A., Singh, G. and Prakash, M.S., Evaluation of non- rhizospheric endophytic bacteria for the management of dry root rot of
chickpea. International Journal of Chemical Studies, 2020, 8, 1147-1153.
","https://www.chemijournal.com/archives/2020/vol8iss ue1/PartO/7-6-418-654.pdf","Disease management/pathogen control"
"97","Pawar, M., Gupta, O.M. and Chobe, D., Radiation induced mutation for resistance against dry root rot in chickpea (Cicer arietinum Linn.).
International Journal of Current Microbiology and Applied Sciences, 2018, 7, 3542-3551.
","https://www.ijcmas.com/abstractview.php?ID=9017 &vol=7-7-2018&SNo=411","Disease resistance"
"98","Peshney, N., Gade, R. and Thakare, K., Sensitivity and adaptability of
Rhizoctonia bataticola to different fungicides. Journal of Soils and Crops, 1992, 2, 35-38.
","NA","Disease management/pathogen control"
"99","Prajapati, R., Gangwar, R., Srivastava, S. and Ahamad, S., Efficacy of fungicides, non-target pesticides and bio-agents against the dry root rot of
chickpea. Annals of Plant Protection Sciences, 2002, 10, 154-155.
","NA","Disease management/pathogen control"
"100","Rajput, V., Konde, S. and Thakur, M., Evaluation of bioagents against
chickpea wilt complex. Journal of Soils and Crops, 2010, 20, 155-158.
","https://www.cabdirect.org/cabdirect/abstract/2010322
2437
","Disease management/pathogen control"
"101","Ram, R.M. and Singh, H., Rhizoctonia bataticola: A serious threat to
chickpea production. International Journal of Chemical Studies, 2018, 6, 715-723.
","https://www.chemijournal.com/archives/2018/vol6iss ue4/PartN/6-3-420-194.pdf","Review"
"102","Raut, B. and Somani, R., Efficacy of different fungicides. Iv. Field trials on
root rot of chickpea. PKV Research Journal, 1987, 11, 182-184.
","NA","Disease management/pathogen control"
"103","Ravichandran, S. and Hegde, Y.R., Management of dry root rot of chickpea caused by Rhizoctonia bataticola through fungicides. International Journal
of Current Microbiology and Applied Sciences, 2017, 6, 1594-1600.
","https://www.ijcmas.com/6-7- 2017/S.%20Ravichandran%20and%20Yashoda%20R
.%20Hegde.pdf
","Disease management/pathogen control"
"104","REDDY, A.T., GOWDA, J., RAVIKUMAR, R.L., RAO, A.M.,
RAMESH5AND, S. and SAIFULLA, M., Resistance source identification for dry root rot disease in chickpea. Advances in Life Sciences, 2016, 5,
9767-9770.
","https://www.researchgate.net/publication/327077168
_Resistance_Source_Identification_for_Dry_root_r","Resistance screening"
"105","Reddy, A.T., Gowda, J. and Saifulla, M., Identification of sources resistant to dry root rot caused by Macrophomina phaseolina (Tassi.) in chickpea (Cicer arietinum l.). Mysore Journal of Agricultural Sciences, 2016, 50,
369-371.
","https://www.cabdirect.org/cabdirect/abstract/2017310 3556","Resistance screening"
"106","Salunke, V., Armarkar, S. and Ingle, R., Efficacy of fungicides and antagonistic effect of bio-agent Rhizoctonia bataticola isolates. Annals of
Plant Physiology, 2008, 220, 134-137.
","NA","Disease management/pathogen control"
"107","Sharma, M., Ghosh, R., Krishnan, R.R., Nagamangala, U.N., Chamarthi,
S., Varshney, R. and Pande, S., Molecular and morphological diversity in Rhizoctonia bataticola isolates causing dry root rot of chickpea (Cicer arietinum l.) in india. African Journal of Biotechnology, 2012, 11, 8949-
8959.

","http://oar.icrisat.org/5918/","Pathogen diversity"
"108","Sharma, M., Ghosh, R., Sharma, T.R. and Pande, S., Intra population diversity in Rhizocotonia bataticola causing dry root rot of chickpea (Cicer arietinum l.) in india. African Journal of Microbiology Research, 2012, 6,
6653-6660.
","http://oar.icrisat.org/6161/","Pathogen diversity"
"109","Sharma, O. and Gupta, R., Fungicides in the control of chickpea dry root rot caused by Rhizoctonia bataticola. Journal of Mycology and Plant
Pathology, 2004, 34, 321-322.
","NA","Disease management/pathogen control"
"110","Sharma, O. and Kumara, M., Management of dry root rot disease [Rhizoctonia bataticola] of chickpea through fungicides. International
Journal of Chemical Studies, 2017, 5, 45-47.
","https://www.chemijournal.com/archives/2017/vol5iss ue4/PartA/5-3-182-272.pdf","Disease management/pathogen control"
"111","Sharma, O., Mohan, G., Pruthi, S., Kaur, M. and Kumari, M., Effect of different soil amendments and bio agents on development of dry root rot (drr) diseases of chickpea caused by Rhizoctonia bataticola (m.
Phaseolina). Journal of Entomology and Zoology Studies, 2020, 8, 637- 639.
","https://www.researchgate.net/publication/344297389
_Effect_of_different_soil_amendments_and_bio_age","Disease management/pathogen control"
"112","Shukla, A., Ratan, V., Mishra, R.K., Kumar, K., Tripathi, U.K., Singh, D.R., Pathak, R.K., Bahar, J., Singh, A.K. and Shankar, K., Survey, surveillance & cultural characteristics of dry root rot of chickpea caused by
Rhizoctonia bataticola inderapur tahsil, Kanpur. International Journal of Current Microbiology and Applied Sciences, 2020, 9, 1652-1658.
","https://www.ijcmas.com/9-10- 2020/Anurag%20Shukla,%20et%20al.pdf","Disease incidence"
"113","Sindhan, G., Hooda, I. and Karwasra, S., Biological control of dry root rot
of chickpea caused by Rhizoctonia bataticola. Plant Disease Research, 2002, 17, 68-71.
","NA","Disease management/pathogen control"
"114","Singh, R. and Sindhan, G., Effect of fungicides on the incidence of dry root rot and biochemical status of chickpea plants. Plant disease research, 1998, 13, 14-17.","NA","Disease management/pathogen control"
"115","Singh, R., Sindhan, G., Parashar, R. and Hooda, I., Application of antagonists in relation to dry root rot and biochemical status of chickpea plants. Plant disease research, 1998, 13, 35-37.","NA","Disease management/pathogen control"
"116","Smitha, K., Rajeswari, E., Alice, C. and Raguchander, T., Evaluation of bacillus subtilis for the management of dry root rot and vascular wilt of chickpea. Journal of Pharmacognosy and Phytochemistry, 2017, 6, 967-
970.
","https://www.researchgate.net/publication/334824824
_Evaluation_of_Bacillus_subtilis_for_the_managem","Disease management/pathogen control"
"117","Srinivas, P., Ramesh Babu, S., Sharma, M., Narayan Reddy, P. and Pushpavathi, B., Effect of temperature on Rhizoctonia bataticola and dry root rot in chick pea. International Journal of Current Microbiology and Applied Sciences, 2017, 6, 3349-3355.","http://oar.icrisat.org/10160/","Impact of combined stress"
"118","Sunkad, G., Sharma, M., Mallesh, S., Mannur, D. and Sreenivas, A.,
Integrated management of dry root rot caused by Rhizoctonia bataticola in chickpea. International Journal of Current Microbiology and Applied
Sciences, 2018, 7, 201-209.

","http://oar.icrisat.org/10656/","Disease management/pathogen control"
"119","Sunkad, G., Sharma, M., Mallesh, S., Mannur, D. and Sreenivas, A., Distribution and severity of dry root rot of chickpea caused by Rhizoctonia bataticola in parts of north Karnataka. International Journal of Current
Microbiology and Applied Sciences, 2018, 7, 194-200.
","http://oar.icrisat.org/10657/

","Disease incidence Pathogen distribution"
"120","Taya, R., Tripathi, N. and Panwar, M., Influence of soil type, soil moisture and fertilizers on the severity of chickpea dry root-rot caused by Rhizoctonia bataticola (Taub.) Butler.. Indian Journal of Mycology and
Plant Pathology, 1988, 18, 133-136.
","https://www.cabdirect.org/cabdirect/abstract/1991230 9147","Impact of edaphic factors"
"121","Taya, R., Tripathi, N. and Panwar, M., Influence of texture and nutritional status of soil on the efficacy of fungicides for the control of dry root-rot of chickpea (Cicer arietinum l.). Indian Journal of Mycology and Plant
Pathology, 1990, 20, 14-20.
","https://www.cabdirect.org/cabdirect/abstract/1991231 1347","Disease management/pathogen control"
"122","Wagh, P., Khare, N. and Dantre, R., Screening for resistance against
Rhizoctonia bataticola causing dry root-rot in chickpea (Cicer arietinum
l.). International Journal of Current Microbiology and Applied Sciences, 2018, 7, 2578-2581.
","https://www.ijcmas.com/7-6- 2018/P.%20Wagh,%20et%20al.pdf","Resistance screening"
"123","Wavare, S., Gade, R. and Ingole, M., Bio efficacy of gaillardia sp. Flower extracts against sclerotium rolfsii and Rhizoctonia bataticola causing collar rot and dry root rot of chickpea. Trends in Biosciences, 2015, 8, 4182- 4188.","https://www.researchgate.net/publication/304934551
_Bioefficacy_of_Gaillardia_sp_Flower_Extracts_Ag","Disease management/pathogen control"
"124","Amrutha Veena, G., Studies on integrated management of Rhizoctonia bataticola (Taub.) Butler. causing dry root rot of chickpea. In Plant Pathology (ed. ^(eds., ACHARYA NG RANGA AGRICULTURAL
UNIVERSITY, pp 195.
","http://krishikosh.egranth.ac.in/handle/1/67533","Disease management/pathogen control"
"125","Borkar, S.H., Effect of herbicide on root rot of chickpea caused by
Rhizoctonia bataticola. In Plant Pathology (ed. ^(eds., Dr. Panjabrao Deshmukh Krishi Vidyapeeth, Akola, Maharashtra., pp 77.
","http://krishikosh.egranth.ac.in/handle/1/5810131541","Disease management/pathogen control"
"126","Chouhan, G., Application technology of fungicides for the management of dry root rot of chickpea. In Plant Pathology (ed. ^(eds., RVSKVV, Gwalior
(MP), pp 105.
","http://krishikosh.egranth.ac.in/handle/1/5810126508","Disease management/pathogen control"
"127","Date, Y.B., Investigation on dry root rot of chickpea incited by Rhizoctonia bataticola (Taub.) Butler. In Plant Pathology (ed. ^(eds., Vasantrao Naik
Marathwada Krishi Vidyapeeth, Parbhani, pp 94.
","http://krishikosh.egranth.ac.in/handle/1/5810057550","Disease management/pathogen control
"
"128","Deepa, Status, variability and management of dry root rot of chickpea caused by Rhizoctonia bataticola [(Taub.) Butler.] with changing climate. In Plant Pathology (ed. ^(eds., UNIVERSITY OF AGRICULTURAL
SCIENCES, RAICHUR, pp 207.
","http://krishikosh.egranth.ac.in/handle/1/5810141378","Pathogen diversity
Disease management/pathogen control"
"129","Dhakar, M.K., Studies on dry root rot (Rhizoctonia bataticola) of chickpea. In Plant Pathology (ed. ^(eds., Jawaharlal Nehru Krishi Vishwa Vidyalaya,
Jabalpur, pp 58.
","http://krishikosh.egranth.ac.in/handle/1/5810108863","Disease incidence
Disease management/pathogen control
"
"130","Doltade, S.S., Morphological variability in Rhizoctonia bataticola (Taub.) Butler. isolates causing dry root rot of chickpea in western Maharashtra. In
Plant Pathology (ed. ^(eds., MPKV, UNIVERSITY RAHURI pp 78.
","http://krishikosh.egranth.ac.in/handle/1/5810040996","Pathogen diversity"
"131","Gadekar, A.A., Molecular variability in isolates of Rhizoctonia bataticola
causing root rot in chickpea. In Plant Pathology (ed. ^(eds., Dr. Panjabrao Deshmukh Krishi Vidyapeeth, Akola.
","https://krishikosh.egranth.ac.in/handle/1/5810060088","Pathogen diversity"
"132","Gowdra, N., Studies on Macrophomina phaseolina (Tassi.) Goid. causing
dry root rot disease of chickpea {Cicer arietinum l}. In Plant Pathology (ed. ^(eds., University of Agricultural Sciences GKVK, Bangalore, pp 150.
","http://krishikosh.egranth.ac.in/handle/1/5810100667","Pathogen biology"
"133","Gurav, V., Studies on variation in Rhizoctonia bataticola causing dry root rot of chickpea. In Plant Pathology (ed. ^(eds., RVSKVV, Gwalior (MP),
pp 57.
","http://krishikosh.egranth.ac.in/handle/1/5810018010","Pathogen diversity"
"134","Jagre, A., Succession of soil borne diseases of chickpea and their management through host plant resistance. In Plant Pathology (ed. ^(eds., JNKVV, pp 79.","http://krishikosh.egranth.ac.in/handle/1/5810013357","Resistance screening"
"135","Janardhan, N.P., Studies on root rot (Macrophomina phaseolina (Tassi.) Goid..) disease of chickpea (Cicer arietinum l.) and it’s management under middle gujarat conditions. In Plant Pathology (ed. ^(eds., Anand
Agricultural Univer
","http://krishikosh.egranth.ac.in/handle/1/5810022911","Disease incidence
Disease management/pathogen control
"
"136","Jinesh Chandulal, D., Management of root rot disease [Macrophomina phaseolina (Tassi.) Goid..] of chickpea (Cicer arietinum l.) under south gujarat conditions. In Plant pathology (ed. ^(eds., Plant Pathology
Department, NM College
","http://krishikosh.egranth.ac.in/handle/1/5810073161","Disease management/pathogen control"
"137","Jyothi, V., Biochemical basis of resistance in chickpea (Cicer arietinum l.) against dry root rot caused by Macrophomina phaseolina (Tassi.) Goid.. And its management. In Plant Pathology (ed. ^(eds., UNIVERSITY OF
AGRICULTURAL SCI
","http://krishikosh.egranth.ac.in/handle/1/5810041683","Physiological basis of resistance"
"138","Kadam, A.M., Studies on dry root rot of chickpea incited by Rhizoctonia bataticola (Taub.) Butler.. In Plant Pathology (ed. ^(eds., Vasantrao Naik Marathwada Krishi Vidyapeeth, Parbhani, pp 111.","http://krishikosh.egranth.ac.in/handle/1/5810051106","Pathogen diversity Disease incidence Resistance screening
Disease management/pathogen control
"
"139","Karadi, A., Molecular mapping of dry root rot resistance gene (s) in chickpea (Cicer arietinum l.). In Genetics and Plant Breeding (ed. ^(eds.,
UNIVERSITY OF AGRICULTURAL SCIENCES, RAICHUR, pp 188.
","http://krishikosh.egranth.ac.in/handle/1/5810148498","Molecular basis of resistance"
"140","Khambadkar, P.R., Resistant sources of chickpea against dry root rot at high temperature environment. In Plant pathology (ed. ^(eds., JNKVV, pp
66.
","http://krishikosh.egranth.ac.in/handle/1/74145","Resistance screening"
"141","Manjunatha, H., Variability studies on Macrophomina phaseolina (Tassi.)
Goid. Causing dry root rot of chickpea (Cicer arietinum l.) and its management. In Plant pathology (ed. ^(eds., University of Agricultural
Sciences GKVK, Ban

","http://krishikosh.egranth.ac.in/handle/1/5810024426","Pathogen diversity
Disease management/pathogen control
"
"142","Muchhala, T., Studies on dry root rot [Rhizoctonia bataticola (Taub.) Butler.] of chickpea. In Plant Pathology (ed. ^(eds., RVSKVV, Gwalior
(M.P.), pp 65.
","http://krishikosh.egranth.ac.in/handle/1/5810082522","NA"
"143","Nagarjuna Reddy, G., Integrated management of dry root rot of chickpea and molecular characterization of potential biocontrol agents. In Plant pathology (ed. ^(eds., ACHARYA NG RANGA AGRICULTURAL
UNIVERSITY, pp 190.
","http://krishikosh.egranth.ac.in/handle/1/67959","Disease management/pathogen control"
"144","Naginbhai, P.S., Studies on root rot [Macrophomina phaseolina (Tassi.)
Goid..] of chickpea (Cicer arietinum l.) and it’s management. In Plant pathology (ed. ^(eds., Anand Agricultural University, Anand, pp 131.
","http://krishikosh.egranth.ac.in/handle/1/5810013524","Disease management/pathogen control"
"145","Nigodia, O.P., Studies on root rot disease of chickpea (Cicer arietinum l.) caused by Macrophomina phaseolina with special reference to its integrated management. In Plant Pathology (ed. ^(eds., JNKVV, Jabalpur,
pp 82.
","http://krishikosh.egranth.ac.in/handle/1/5810019551","Disease management/pathogen control"
"146","Parmar, R., Studies on cultural and morphological variability in Rhizoctonia bataticola (Taub.) Butler. causing dry root rot in soybean- chickpea system. In Plant Pathology (ed. ^(eds., RVSKVV Gwalior (MP),
pp 115.
","http://krishikosh.egranth.ac.in/handle/1/5810038682","Pathogen diversity"
"147","Patel, S.S., Studies on variability in isolates of Rhizoctonia bataticola
(Taub.) Butler. causing dry root rot in chickpea Cicer arietinum l. In Plant Pathology (ed. ^(eds., JNKVV, JABALPUR, pp 68.
","http://krishikosh.egranth.ac.in/handle/1/5810100744","Pathogen diversity"
"148","Patidar, J.K., Studies on dry root rot of chickpea caused by Rhizoctonia bataticola (Taub.) Butler.. In Plant Pathology (ed. ^(eds., RVSKVV,
Gwalior (MP), pp 141.
","http://krishikosh.egranth.ac.in/handle/1/5810113467

","Disease incidence Resistance screening
Disease management/pathogen control
"
"149","Pipalde, A.K., Studies on chemical mediated induction of resistance in
chickpea against dry root rot (Rhizoctonia bataticola). In Plant Pathology (ed. ^(eds., RVSKVV, Gwalior (MP), pp 93.
","http://krishikosh.egranth.ac.in/handle/1/5810011329","Disease resistance"
"150","Prajapati, R.K., Pathological studies on the dry root rot (Rhizoctonia bataticola (Taub.) Butler.) of chickpea. In Plant Pathology (ed. ^(eds., CSA University of Agriculture and Technology; Kanpur, pp 80.","http://krishikosh.egranth.ac.in/handle/1/5810015208","Disease incidence Pathogen biology
Disease management/pathogen control Resistance screening
"
"151","Prasad, J., Studies on variability and management of Rhizoctonia
bataticola (Taub.) Butler. causing dry root rot of chickpea. In Plant Pathology (ed. ^(eds., RVSKVV, Gwalior (MP), pp 95.
","http://krishikosh.egranth.ac.in/handle/1/5810046362","Pathogen diversity
Disease management/pathogen control
"
"152","Raj Kumar, S., Studies on dry root rot of chickpea (Cicer arietinum l.) caused by Rhizoctonia bataticola (Taub.) Butler.. In Plant Pathology (ed.
^(eds., Acharya NG Ranga Agricultural University, pp 132.
","http://krishikosh.egranth.ac.in/handle/1/5810101336","Disease incidence
Disease management/pathogen control
"
"153","Ram, R.M., Physiological and molecular characterization of drought tolerant biocontrol agents for management of dry root rot of chickpea (Cicer arietinum l.) caused by Rhizoctonia bataticola. In Mycology and
Plant Pathology (ed.
","http://krishikosh.egranth.ac.in/handle/1/5810047989","Disease management/pathogen control"
"154","Ranjan, S., Studies on management of dry root rot of chickpea caused by
Rhizoctonia bataticola (Taub.) Butler.. In Plant pathology (ed. ^(eds., jnkvv, Jabalpur, pp 90.
","http://krishikosh.egranth.ac.in/handle/1/5810013261","Disease management/pathogen control"
"155","Rathi, M., Dynamics of host resistance against Rhizoctonia bataticola
(Taubenh.) Butler. causing dry root rot in chickpea (Cicer arietinum l.). In Biotechnology (ed. ^(eds., JNKVV, Jabalpur, pp 62.
","http://krishikosh.egranth.ac.in/handle/1/5810021307","Disease management/pathogen control Disease resistance"
"156","Sharma, O.P., Epidemiology and management of chickpea (Cicer arietinum l.) dry root induced by Rhizoctonia bataticola (Taub.) Butler. (Macrophomina) phaseolina (Tassi.) Goid.. In Plant Pathology (ed. ^(eds.,
Rajasthan Agricultural
","http://krishikosh.egranth.ac.in/handle/1/5810007706","Disease management/pathogen control Epidemiology"
"157","Shrivastav, R., Studies on dry root rot of chickpea caused by Rhizoctonia bataticola (Taub.) Butler.. In Plant Pathology (ed. ^(eds., RVSKVV,
Gwalior (MP), pp 64.
","ttp://krishikosh.egranth.ac.in/handle/1/5810083366","Disease management/pathogen control Resistance screening"
"158","Singh, R., Management of dry root-rot of chickpea (Cicer arietinum l.) caused by Rhizoctonia bataticola (Taub.) Butler.. In Plant Pathology (ed.
^(eds., College of Agriculture Chaudhary Charan Singh Haryana Agricultural …, pp 91.
","http://krishikosh.egranth.ac.in/handle/1/5810077492","Disease management/pathogen control"
"159","Srinivas, P., Studies on dry root rot [Rhizoctonia bataticola (Taub.) Butler.] of chickpea (Cicer arietinum l.). Professor Jayashankar Telangana
State Agricultural University.
","http://oar.icrisat.org/9380/1/P%20Srinivas.pdf","Resistance screening
Disease management/pathogen control Disease incidence
"
"160","Suraiyyanaj, I.S., Studies on dry root rot of chickpea (Cicer arietinum l.) caused by Macrophomina phaseolina.(Tassi.) Goid.. In Plant Pathology (ed. ^(eds., Vasantrao Naik Marathwada Krishi Vidyapeeth, Parbhani, pp
120.
","http://krishikosh.egranth.ac.in/handle/1/5810049334

","Resistance screening Pathogen biology
Disease management/pathogen control
"
"161","Taya, R.S., Studies on the dry root-rot of chickpea. In Plant Pathology (ed.
^(eds., College of Agriculture Chaudhary Charan Singh Haryana Agricultural …, pp 96.
","http://krishikosh.egranth.ac.in/handle/1/5810075685","Disease management/pathogen control Pathogen biology"
"162","Tibin, S.I.M., Some studies on the fungus Macrophomina phaseolina
(Tassi.) Goid. isolated from chickpea (Cicer arietinum l.) seeds. In Department of Crop Protection (ed. ^(eds., University of Khartoum, pp 58.
","http://khartoumspace.uofk.edu/handle/123456789/12 024","Pathogen biology"
"163","Trivikrama Reddy, A., Identification of resistant sources, inheritance and biochemical basis of resistance to dry root rot caused by Macrophomina
phaseolina (Tassi.) Goid.. In chickpea (Cicer arietinum l.). In Genetic & Plant Bree
","NA","Resistance screening Physiological basis of resistance"
"164","Uikey, D.W., Mycorrhizal effect on root rot of chickpea caused by
Rhizoctonia bataticola. In Plant Pathology (ed. ^(eds., Dr. Panjabrao Deshmukh Krishi Vidyapeeth, Akola, Maharashtra., pp xi, 58p.
","http://krishikosh.egranth.ac.in/handle/1/5810060118","Disease management/pathogen control"
"165","Veerendra Kumar, K., Studies on dry root rot disease of chickpea [Cicer arietinum l.] caused by Rhizoctonia bataticola (Taub.) Butler.. In Plant Pathology (ed. ^(eds., UNIVERSITY OF AGRICULTURAL SCIENCES GKVK, DHARWAD, pp 115.
","http://krishikosh.egranth.ac.in/handle/1/5810113736","Disease incidence
Disease management/pathogen control Pathogen biology
"
"166","Wagh, P., Studies on dry root rot (Rhizoctonia bataticola Taub (Butler.)) of chickpea (Cicer arietinum). In Plant Pathology (ed. ^(eds., Indira Gandhi Krishi Vishwavidyalaya, Raipur, pp 248.","http://krishikosh.egranth.ac.in/handle/1/89305","Disease incidence
Disease management/pathogen control Resistance screening
Pathogen biology
"
"167","Walunj, P.M., Molecular variability in isolates of Rhizoctonia bataticola
causing root rot in chickpea. In Plant Pathology (ed. ^(eds., Dr. Panjabrao Deshmukh Krishi Vidyapeeth, Akola, Maharashtra., pp 77.
","http://krishikosh.egranth.ac.in/handle/1/5810118834","Pathogen diversity"
"168","Babu NagabhushanMotagi, M. S. Laxminarayan Rao and Mathad, A., Integrated and sustainable management of fungal diseases of chickpea: Current status and challenges. In Management of fungal pathogens in
pulses: Current status and future challenges (ed. ^(eds., Springer Nature, pp 83-86.
","https://www.springer.com/gp/book/9783030359461","Disease management/pathogen control Review"
"169","Bhavani, D.G. and Kumari, A.M., Dry root rot of chickpea and its control. In Agriculture renewal (ed. ^(eds. Singh, R.), LAMBERT ACADEMIC PUBLISHING, pp 92-99.","https://www.researchgate.net/publication/319076905
_Dry_Root_Rot_of_Chickpea_and_its_Control
","Disease management/pathogen control"
"170","Briton-Jones, H.R., Mycological work in Egypt during the period 1920- 1922. Government Press, 1925.","https://searchworks.stanford.edu/view/57411","NA"
"171","Chandrashekar, K., Gupta, M.O., Yelshetty, S., Sharma, O., Bhagat, S., Chattopadhyay, C., Sehgal, M., Kumari, A., Amaresan, N. and Sushil, S.,
Integrated pest management for chickpea. Management, N.C.f.I.P.), New Delhi, India, pp 43.
","https://niphm.gov.in/IPMPackages/Chickpea.pdf","Disease management/pathogen control"
"172","S. Pande, J.N. Rao, M. Sharma, Pathak, M. and Stevenson, P., Mass- screening techniques for the early selection of disease resistance in
chickpea (Cicer arietinum). In Mass screening techniques for selecting crops resistant to diseases (ed. ^(eds., Joint, FAO, pp 201-233.
","https://www- pub.iaea.org/MTCD/Publications/PDF/TDL- 001_web.pdf","Resistance screening"
"173","Kumari, N. and Sharma, V., Reaction of chickpea varieties to Macrophomina phaseolina and their effect on peroxidase activity. In Microbial diversity and biotechnology in food security (ed. ^(eds., Springer India, pp 471-477.","https://www.researchgate.net/publication/290853959
_Reaction_of_Chickpea_Varieties_to_Macrophomin a","Resistance screening"
"174","Nene, Y., Haware, M. and Reddy, M., Chickpea diseases: Resistance-
screening techniques. International Crops Research Institute for the Semi- Arid Tropics, Patancheru, A.P., India.
","http://oar.icrisat.org/1080/1/RA_00350.pdf","Review
Resistance screening
"
"175","Nene, Y., Kannaiyan, J., Haware, M. and Reddy, M., Review of the work
done at ICRISAT on soil-borne diseases of pigeonpea and chickpea. 1979.
","http://oar.icrisat.org/2709/1/28693.pdf","Review"
"176","Nene, Y., Sheila, V. and Sharma, S., A world list of chickpea and
pigeonpea pathogens (5th edn). International Crops Research Institute for the Semi-arid Tropics, Patancheru, Andhra Pradesh, India.
","http://citeseerx.ist.psu.edu/viewdoc/download?doi=1 0.1.1.558.6946&rep=rep1&type=pdf","Pathogen report Pathogen distribution"
"177","Nene YL, Reddy MV, Haware MP, Ghanekar AM, Amin KS, S, P. and M, S., Field diagnosis of chickpea disease and their control. International Crops Research Institute for the Semi-Arid Tropics, Patancheru, A.P.,
India, pp 60.
","http://oar.icrisat.org/6601/1/InfoBulletin_28- ICRISAT_2012.pdf","Pathogen identification
Disease management/pathogen control
"
"178","Pande, S., Desai, S. and Sharma, M., Impacts of climate change on rainfed crop diseases: Current status and future research needs. In National
Symposium on Climate Change and Rainfed Agriculture (ed. ^(eds., Central Research Institute
","http://oar.icrisat.org/8308/1/National%20Symposium
_55-59_2010.pdf
","Impact of combined stress"
"179","Pande, S., Sharma, M., Ghosh, R., Rameshwar, T. and Reddy, D.,
Chickpea diseases and insect-pest management. International Crops Research Institute for the Semi-Arid Tropics, Patancheru, India.
","https://www.researchgate.net/publication/255730967
_CHICKPEA_DISEASES_AND_INSECT- PEST_MANAGEMENT
","Disease management/pathogen control"
"180","Rangaswami, G. and Mahadevan, A., Diseases of crop plants in india. PHI Learning Pvt. Ltd., 1998.","https://www.phindia.com/Books/BookDetail/978812
0312470/diseases-of-crop-plants-in-india- rangaswam","Pathogen report"
"181","Sarmah, B., Acharjee, S. and Sharma, H., Chickpea: Crop improvement
under changing environment conditions. 2012.
","http://oar.icrisat.org/6465/1/Chickpea-
%20Crop%20Improve.pdf

","Disease management/pathogen control"
"182","Shivali Sharma, Hari D. Upadhyaya, Roorkiwal, M., Varshney, R.K. and Gowda, C.L., Chickpea. In Genetic genomic resources of grain legume
improvement (ed. ^(eds., pp 81.
","http://oar.icrisat.org/11244/1/Genetic%20and%20Ge nomic%20Resources%20of%20Grain%20Legume%
20Improv","Disease management/pathogen control"
"183","Singh, A. and Sirohi, A., Status of chickpea diseases in Himachal Pradesh, India. In International Chickpea Pigeonpea Newsletter (ed. ^(eds., International Crops Research Institute for the Semi-arid Tropics,
Patancheru, Hyderabad, India, pp 29-31.
","http://oar.icrisat.org/361/1/CO_0020.pdf","Pathogen report"
"184","Van Rheenen, H., Saxena, M., Walby, B. and Hall, S., Chickpea in the nineties: Proceedings of the second international workshop on chickpea improvement, 4-8 dec 1989, ICRISAT center, india. International Crops
Research Institute for t
","http://oar.icrisat.org/535/1/RA_00152.pdf","Disease management/pathogen control Resistance screening"
"185","Pande, S., Sharma, M., Avuthu, N. and Telangre, R., High throughput phenotyping of chickpea diseases: Stepwise identification of host plant resistance. Information bulletin no. 92. International Crops Research Institute for Semi-Arid Tropics, 2012","http://oar.icrisat.org/6242/","Resistance screening"
"186","Ezrari, S., Radouane, N., Tahiri, A., El Housni, Z., Mokrini, F., Özer, G., ... & Lahlali, R. (2022). Dry root rot disease, an emerging threat to citrus industry worldwide under climate change: A review. Physiological and Molecular Plant Pathology, 117, 101753.","https://doi.org/10.1016/j.pmpp.2021.101753","Review"
"187","Rai, A., Irulappan, V., & Senthil-Kumar, M. (2022). Dry root rot of chickpea: a disease favored by drought. Plant Disease, 106(2), 346-356.","https://doi.org/10.1094/PDIS-07-21-1410-FE","Review"
"188","Mirchandani, R., Irulappan, V., Chilakala, A. R., & Senthil-Kumar, M. (2023). Dry root rot disease: Current status and future implications for chickpea production. Proceedings of the National Academy of Sciences, India Section B: Biological Sciences, 93(4), 791-800.","https://doi.org/10.1007/s40011-023-01451-w","Review"
"189","Chilakala, A. R., Mali, K. V., Irulappan, V., Patil, B. S., Pandey, P., Rangappa, K., ... & Senthil-Kumar, M. (2022). Combined drought and heat stress influences the root water relation and determine the dry root rot disease development under field conditions: A study using contrasting chickpea genotypes. Frontiers in plant science, 13, 890551.","https://doi.org/10.3389/fpls.2022.890551","Impact of drought and heat"
"190","Chilakala, A. R., Pandey, P., Durgadevi, A., Kandpal, M., Patil, B. S., Rangappa, K., ... & Senthil‑Kumar, M. (2023). Drought attenuates plant responses to multiple rhizospheric pathogens: A study on a dry root rot-associated disease complex in chickpea fields. Field Crops Research, 298, 108965.","https://doi.org/10.1016/j.fcr.2023.108965","DRR disease complex"
"191","Arunakumar, G. S., & Gnanesh, B. N. (2023). Evaluation of artificial inoculation methods to determine resistance reaction to dry root rot and black root rot disease in mulberry (Morus spp.). Archives of Phytopathology and Plant Protection, 56(1), 49-65.","https://doi.org/10.1080/03235408.2023.2170692","Resistance screening"
"192","Irulappan, V., Mali, K. V., Patil, B. S., Manjunatha, H., Muhammad, S., & Senthil‐Kumar, M. (2021). A sick plot–based protocol for dry root rot disease assessment in field‐grown chickpea plants. Applications in Plant Sciences, 9(8), e11445.","https://doi.org/10.1002/aps3.11445","Protocol"
"193","Sharath Chandran, U. S., Tarafdar, A., Mahesha, H. S., & Sharma, M. (2021). Temperature and soil moisture stress modulate the host defense response in chickpea during dry root rot incidence. Frontiers in plant science, 12, 653265.","https://doi.org/10.3389/fpls.2021.653265","Impact of drought and heat"
"194","Irulappan, V., Kandpal, M., Saini, K., Rai, A., Ranjan, A., Sinharoy, S., & Senthil-Kumar, M. (2022). Drought stress exacerbates fungal colonization and endodermal invasion and dampens defense responses to increase dry root rot in chickpea. Molecular Plant-Microbe Interactions, 35(7), 583-591.","https://doi.org/10.1094/MPMI-07-21-0195-FI","Molecular basis of resistance"
"195","Sunkad, G., Dore, D., Patil, M., Joshi, R., & Kumar, M. (2023). Impact of temperature, moisture and CO2 on growth of pathogen and severity of emerging dry root rot disease of chickpea in Karnatak. Journal of Agrometeorology, 25(2), 312-319.","https://doi.org/10.54386/jam.v25i2.2125","Impact of edaphic factors"
"196","Bankoliya, M., Yadav, V. K., Kumar, A., Amrate, P., & Bhatt, J. (2022). The Resistance screening and in-vitro efficacy of fungicides for the management of dry root rot of chickpea caused by Rhizoctonia bataticola. Environment Conservation Journal, 23(3), 8-13.","https://doi.org/10.36953/ECJ.11702317","Resistance screening and disease management"
"197","Ranjan, S., Mirchandani, R., & Senthil-Kumar, M. (2023). Dry Root Rot in Chickpea: A Perspective on Disease Resistance Breeding Strategies. In Diseases in Legume Crops: Next Generation Breeding Approaches for Resistant Legume Crops (pp. 85-98). Singapore: Springer Nature Singapore.","https://doi.org/10.1007/978-981-99-3358-7_4","Disease resistance/book chapter"
"198","Sathiyabama, M., Gandhi, M., & Indhumathi, M. (2022). Suppression of dry root rot disease caused by Rhizoctonia bataticola (Taub.) Butler in chickpea plants by application of thiamine loaded chitosan nanoparticles. Microbial Pathogenesis, 173, 105893.","https://doi.org/10.1016/j.micpath.2022.105893","Disease management"
"199","Ranjan, S., Chavan, C. N., & Senthil-Kumar, M. (2025). Novel Method for Rapid Screening of Chickpea for Combined Dry Root Rot Disease and Osmotic Stress. In Plant Biotic Stress: Methods and Protocols (pp. 305-314). New York, NY: Springer US.","https://doi.org/10.1007/978-1-0716-4746-2_22","Protocol/book chapter"
"200","Tamiru, S., Bekele, B., Selvaraj, T., Caine, T., Gurmessa, N. E., & Buddie, A. (2025). Morpho-genetic and Pathogenic Characterization of Macrophomina phaseolina (Tassi) Goid Isolates Causing Dry Root Rot of Chickpea (Cicer arietinum L.) in Ethiopia. Physiological and Molecular Plant Pathology, 103090.","https://doi.org/10.1016/j.pmpp.2025.103090","Pathogen characterization"
"201","Basbagci, G., & Dolar, F. S. (2022). Morphological, molecular and pathogenic characterization of Rhizoctonia bataticola isolates causing dry root rot of chickpea in Turkey. Archives of Phytopathology and Plant Protection, 55(6), 720-735.","https://doi.org/10.1080/03235408.2022.2042109","Pathogen characterization"
"202","Bankoliya, M. K., Yadav, V. K., Khare, U. K., Amrate, P. K., Kumar, A., & Sharma, R. C. (2022). Survey for dry root rot of chickpea caused by Rhizoctonia bataticola in different region of Madhya Pradesh, India. The Pharma Innovation Journal, 11(6), 100-103.","https://www.thepharmajournal.com/archives/2022/vol11issue6/PartB/11-6-28-101.pdf","Pathogen biology"
"203","Güney, İ. G., Bozoğlu, T., Özer, G., & Derviş, S. (2023). A novel blight and root rot of chickpea: A new host for Neoscytalidium dimidiatum. Crop Protection, 172, 106326.","https://doi.org/10.1016/j.cropro.2023.106326","Disease screening "
"204","Ramangouda, G., Naik, M. K., Nitnavare, R. B., Yeshvekar, R., Bhattacharya, J., Bhatnagar-Mathur, P., & Sharma, M. (2023). Genetic enhancement of Trichoderma asperellum biocontrol potentials and carbendazim tolerance for chickpea dry root rot disease management. PloS one, 18(1), e0280064.","https://doi.org/10.1371/journal.pone.0280064","Disease management"
"205","Rehman, S. V., Sharma, R., Gopal, A. V., Gopalakrishnan, S., Srinivas, V., & Sharma, M. (2025). Functional Characterization and In vitro Efficacy of Chickpea Rhizobacteria against Collar Rot and Dry Root Rot. Microbiology Research Journal International, 35(12), 20-39.","https://doi.org/10.9734/mrji/2025/v35i121666","Disease management"
"206","Soni, N., Raghuwanshi, K. S., & Kulwal, P. L. (2022). Effect of abiotic factors on the incidence of dry root rot in chickpea (Cicer arietinum L.). Journal of Agriculture Research and Technology, 47, 205-211.","https://doi.org/10.56228/JART.2022.47216","Impact of abiotic factors"
"207","Sharma, O. P., Mohan, G., Pruthi, S., Kaur, M., & Kumari, M. (2020). Effect of different soil amendments and bio agents on development of dry root rot (DRR) diseases of chickpea caused by Rhizoctonia bataticola (M. phaseolina). Journal of Entomology and Zoology Studies, 8(5), 637-639.","https://doi.org/10.22271/j.ento.2020.v8.i5i.7571","Disease management"
"208","Preeti, Panwar, D., Saini, P., & Vats, J. K. (2023). Effect of Temperature and Defense Response on the Severity of Dry Root Rot Disease in Chickpea Caused by Macrophomina phaseolina. In Microbial Symbionts and Plant Health: Trends and Applications for Changing Climate (pp. 367-395). Singapore: Springer Nature Singapore.","https://doi.org/10.1007/978-981-99-0030-5_14","Impact of abiotic stress"
"209","Rocha, F. S., Sharma, M., Tarafdar, A., Chen, W., Azevedo, D. M., Castillo, P., ... & Chobe, D. R. (2023). Diseases of chickpea. In Handbook of vegetable and herb diseases (pp. 1-44). Cham: Springer International Publishing.","https://doi.org/10.1007/978-3-030-35512-8_26-1#DOI","Disease management/book chapter"
"210","Armstrong-Cho, C., Sivachandra Kumar, N. T., Kaur, R., & Banniza, S. (2023). The chickpea root rot complex in Saskatchewan, Canada-detection of emerging pathogens and their relative pathogenicity. Frontiers in Plant Science, 14, 1117788.","https://doi.org/10.3389/fpls.2023.1117788","Pathogen biology"
"211","Patel, P., Wasnikar, A. R., Singh, G., & Prakash, M. S. (2020). Evaluation of non-rhizospheric endophytic bacteria for the management of dry root rot of chickpea. IJCS, 8(1), 1147-1153.","https://doi.org/10.22271/chemi.2020.v8.i1o.8405","Disease management"
"212","Gaikwad, P. A. (2020). Studies on variability of rhizoctonia bataticola (Taub.) butler causing dry root rot of chickpea & its management (Doctoral dissertation, Vasantrao Naik Marathwada Krishi Vidyapeeth, Parbhani).","https://krishikosh.egranth.ac.in/handle/1/5810155786","Pathogen diversity"
"213","Patidar, J. K., Singh, R., Singh, P. K., & Fatehpuria, P. K. (2019). Screening of chickpea lines against dry root rot of chickpea caused by Rhizoctonia bataticola (Taub.) butler. Journal of Pharmacognosy and Phytochemistry, 8(1), 1030-1032.","NA","NA"
"214","Durgadevi, A., Pandey, P., & Senthil-Kumar, M. (2025). A Blotting Paper Technique for the Screening of Chickpea Genotypes Against Dry Root Rot Disease. In Plant Biotic Stress: Methods and Protocols (pp. 113-125). New York, NY: Springer US.","https://doi.org/10.1007/978-1-0716-4746-2_9","Protocol"
"215","Akhtar, M. S., & Siddiqui, Z. A. (2008). Glomus intraradices, Pseudomonas alcaligenes, and Bacillus pumilus: effective agents for the control of root-rot disease complex of chickpea (Cicer arietinum L.). Journal of General Plant Pathology, 74(1), 53-60.","https://doi.org/10.1007/s10327-007-0062-4","Disease management"
"216","Sunkad, G., Dore, D., Patil, M., Joshi, R., & Muniswamy, S. (2023). Identification of resistant genotypes and integrated management of dry root rot of chickpea. Legume Research, 46(8), 1064-1072.","https://doi.org/10.18805/LR-5149","Resistance screening/Disease management"
"217","Partap, M., & Godara, S. L. (2022). Occurrence and Distribution of Dry Root Rot of Chickpea Caused by Macrophomina phaseolina (Tassi) Goid. in Arid Region of Rajasthan. Legume Research: An International Journal, 45(5).","https://arccjournals.com/journal/legume-research-an-international-journal/LR-4429","Pathogen diversity"
"218","Ashok, K. S., & Vidyapeeth, V. N. M. K. Induction of systematic resistance and management of dry root rot disease in chickpea.","https://krishikosh.egranth.ac.in/","Molecular basis of resistance"
"219","Veenashri Jainapur, L., Sharanabasappa, B. Y., Hiremath, S., & Mahalinga, D. (2020). Isolation and Validation of Dry Root Rot causing pathogen Rhizoctonia bataticola in Chickpea (Cicer arietinum L.). Int. J. Curr. Microbiol. App. Sci, 9(9), 688-693.","https://doi.org/10.20546/ijcmas.2020.909.087","Pathogen biology"
"220","Chiranjeevi, N., Kumar, M. R., Padmodaya, B., Venkateswarlu, N. C., Sudhakar, P., Devi, R. S. J., & Sri, P. A. (2021). Studies on extraction, evaluation of crude metabolite extract from endophytic Bacillus subtillis and its mechanistic effect on chickpea dry root rot causing pathogen Rhizoctonia bataticola (Taub.) Butler. Pharma Innov, 10, 898-905.","NA","NA"
"221","Pandey, R. N., Bapatla, K. G., & Lakshmaiah, M. (2021). In vitro evaluation of actinobacteria for biocontrol of dry root rot and Fusarium wilt diseases in chickpea (Cicer arietnum L.). Journal of Food Legumes, 34(4), 245-247.","https://doi.org/10.59797/journaloffoodlegumes.v34i4.235","Disease management/biocontrol"
"222","Endes, A., & Aktaş, B. (2025). Disease Parameters and Identification of Chickpea Root Rot Disease Associated with Rhizoctonia Species. Bozok Tarım ve Doğa Bilimleri Dergisi, 4(1), 35-44.","https://doi.org/10.59128/bojans.1728320","Disease identification"
"223","Malagi, N. C., Kumhar, D. R., Yadav, A. L., Kumar, V., Kumar, R., Choudhary, A., & Mimrot, M. K. (2024). Screening of different bioagents and fungicides against dry root Rot of chickpea incited by Macrophomina phaseolina (Tassi) goid. Agricultural Science Digest, 44(3), 398-405.","https://doi.org/10.18805/ag.D-5649","Disease management"
"224","MORI, H. A. (2022). ROOT ROT [Rhizoctonia bataticola (Taubenhaus) Butler] OF CHICKPEA AND ITS MANAGEMENT 3462 (Doctoral dissertation, JAU JUNAGADH).","https://krishikosh.egranth.ac.in/items/c819e499-f151-43d4-a8e4-5a25992f0a2d","Disease biology/Disease management"
"225","Rajput, S. A., Pandey, S., & Mishra, R. K. Synergistic Effect of Trichoderma spp. and Plant Growth Promoting Rhizobacteria (PGPRs) in Chickpea Seed Biopriming against Fusarium wilt and Dry root rot diseases.","https://doi.org/10.56228/JART.2026.51102","Disease management"
"226","Jennifer, G. M. J., Tiwari, S., Murmu, J. J., & Singh, S. (2021). Eco-friendly Management of Rhizoctonia bataticola Causing Dry Root Rot of Chickpea (Cicer arietinum L.). Int. J. Curr. Microbiol. App. Sci, 10(03), 382-389.","https://doi.org/10.20546/ijcmas.2021.1003.050","Disease management"
"227","Saxena, D. R., Kumbhkar, R., Saxena, M., Tiwari, N., Kumar, T., & Chauhan, A. (2022). Morpho-pathogenic and molecular diversity among Rhizoctonia bataticola isolates causing dry root rot of chickpea in Madhya Pradesh, India. Journal of Environmental Biology, 43(6), 852-863.","http://doi.org/10.22438/jeb/43/6/MRN-3056","Pathogen diversity"
"228","Kaur, G. (2021). EFFECT OF ARBUSCULAR MYCORRHIZAL FUNGI ON DRY ROOT ROT OF CHICKPEA (Doctoral dissertation, PUNJAB AGRICULTURAL UNIVERSITY LUDHIANA).","https://krishikosh.egranth.ac.in/","Disease management"
"229","Mahajan, M. V., Singh, B., & Mehta, A. (2025). Studies on root rot of chickpea (CICER ARIETINUM) and its biological and chemical management strategies. Biochemical & Cellular Archives, 25(1).","https://doi.org/10.51470/bca.2025.25.1.0000","Disease management"
"230","Sunkad, G., Patil, M. S., Devanna, P., & Mediga, K. R. (2023). Molecular characterization, diversity analysis, and biocontrol potential of endophytic fungi for suppression of dry root rot caused by Rhizoctonia bataticola in chickpea. Indian Phytopathology, 76(4), 1117-1125.","https://doi.org/10.1007/s42360-023-00685-y","Molecular basis of disease and disease management"
"231","Kaur, G., Singh, N., & Buttar, D. S. (2025). IMPACT OF Glomus bagyarajii INOCULATION AND PHOSPHORUS AMENDMENTS ON DRY ROOT-ROT OF CHICKPEA CAUSED BY Macrophomina phaseolina (Tassi) Goid. Agricultural Research Journal, 62(5).","NA","Disease management"
"232","Lokesh, R., Madagoudra, Y. B., Srujan, C. S., & Terin, P. (2021). Evaluation of fungicides and bioagents in pot condition for management of dry root rot of chickpea (Cicer arietinum L.) caused by Macrophomina phaseolina (Tassi) goid.","https://imskolkata.org/","Disease management"
"233","Singh, M., Singh, J., Maurya, S., Kumar, S., Meena, A. K., Sharma, P., & Lakhran, L. (2024). Root rot disease incited by Macrophomina phaseolina in arid legumes and their management: a review. Legume Research, 47(1), 1-7.","doi: 10.18805/LR-4714","Review"
"234","Mageshwaran, V., Gupta, R., Singh, S., Sahu, P. K., Singh, U. B., Chakdar, H., ... & Singh, H. V. (2022). Endophytic Bacillus subtilis antagonize soil-borne fungal pathogens and suppress wilt complex disease in chickpea plants (Cicer arietinum L.). Frontiers in Microbiology, 13, 994847.","https://doi.org/10.3389/fmicb.2022.994847","Disease management"
"235","Karande, S. A. (2021). Induction of systemic resistance and management of dry root rot disease in chickpea caused by macrophomina phaseolina (Tassi) goid by biocontrol agents (Doctoral dissertation, Vasantrao Naik Marathwada Krishi Vidyapeeth, Parbhani).","https://krishikosh.egranth.ac.in/handle/1/5810187128","Disease management"
"236","Yadav, J. K., Singh, S. K., Sharma, N. K., Singh, D., Niwas, R., Yadav, G. K., ... & Kumar, S. Influence of Sowing Dates and Irrigations on Prevalence of Chickpea (Cicer Arietinum L.) Dry Root Rot Disease Under Field Conditions.","https://www.researchgate.net/publication/366657769","Impact of irrigation"
"237","Mirchandani, R., Kandpal, M., Ranjan, A., Sinharoy, S., & Senthil-Kumar, M. (2025). Induced post-invasive defenses in the nonhost plant Parthenium hysterophorus L. prevent root cortical colonization by Macrophomina phaseolina and impart resistance to dry root rot. Environmental and Experimental Botany, 237, 106197.","https://doi.org/10.1016/j.envexpbot.2025.106197","Non-host resistance"
"238","Sunkad, G., Patil, M. S., & Joshi, R. (2023). Bacillus valezensis: A New Plant Growth Promoting Rhizobacterium for Plant Growth Promotion and Inhibition of Rhizoctonia bataticola for the Management of Dry Root Rot of Chickpea. Legume Research: An International Journal, 46(10).","https://doi.org/10.18805/LR-5106","Disease management"
"239","Sadhana, N. H., Geethanjali, S., Mirchandani, R., Natesan, S., & Senthil-Kumar, M. (2024). Navigating towards dry root rot resistance in mungbean: impacts, mechanisms, and management strategies. Plant Physiology Reports, 29(3), 439-460.","https://doi.org/10.1007/s40502-024-00807-2","Review"
"240","Basandrai, A. K., Pandey, A. K., Somta, P., & Basandrai, D. (2021). Macrophomina phaseolina–host interface: Insights into an emerging dry root rot pathogen of mungbean and urdbean, and its mitigation strategies. Plant Pathology, 70(6), 1263-1275.","https://doi.org/10.1111/ppa.13378","Review"
"241","Kadam, S. S., Hingole, D. G., & Banne, S. N. (2024). Cultural and morphological variability among the isolates of Rhizoctonia bataticola (Taub.) butler, causing chickpea dry root rot. Plant Archives (09725210), 24(2).","https://doi.org/10.51470/PLANTARCHIVES.2024.v24.no.2.395","Pathogen diversity"
"242","Dhakar, M., Karcho, S., & Chadar, V. (2023). Survey, characterization and pathogenic effect of chickpea dry root rot (Rhizoctonia bataticola) in Tikamgarh (MP).","https://environmentandecology.com/wp-content/uploads/2024/02/MS20-2.pdf","Pathogen diversity"
"243","Al-Salih, J., & Sido, K. A. (2025). Morphological and Molecular Characterization of Rhizoctonia solani Isolates Causing Root Rot Disease of Chickpea. Zanin Journal of Science and Engineering, 1(3), 57-67.","https://doi.org/10.64362/zjse.84","Pathogen diversity"
"244","Bhosale, V. R., & Kulwal, P. L. Molecular Marker-Based Characterization of Genotypes Differing for Dry Root Rot Resistance in Chickpea (Cicer arietinum L.).","https://doi.org/10.56228/","Resistance screening"
"245","Patil, M. S. (2022). Molecular diversity analysis and antagonistic potential of plant growth promoting mircoorganisms for the management of emerging dry root rot of chickpea caused by Rhizoctonia bataticola (Taub.) Butler.","https://krishikosh.egranth.ac.in/","Disease management"
"246","Pamala, P. J., Jayalakshmi, R. S., Vemana, K., Naidu, G. M., Varshney, R. K., & Sudini, H. K. (2023). Prevalence of groundnut dry root rot (Macrophomina phaseolina (Tassi) Goid.) and its pathogenic variability in Southern India. Frontiers in fungal biology, 4, 1189043.","https://doi.org/10.3389/ffunb.2023.1189043","Pathogen diversity/biology"
"247","Singh, M., Kumar, T., Sood, S., Malhotra, N., Rani, U., Singh, S., ... & Kumar, S. (2022). Identification of promising chickpea interspecific derivatives for agro-morphological and major biotic traits. Frontiers in Plant Science, 13, 941372.","https://doi.org/10.3389/fpls.2022.941372","Resistance screening"
"248","Sharma, N. K., Yadav, S., Gupta, S. K., Irulappan, V., Francis, A., Senthil‐Kumar, M., & Chattopadhyay, D. (2023). MicroRNA397 regulates tolerance to drought and fungal infection by regulating lignin deposition in chickpea root. Plant, Cell & Environment, 46(11), 3501-3517.","https://doi.org/10.1111/pce.14666","Molecular basis of resistance"
"249","Sunkad, G., Patil, M. S., Yenjeerappa, S. T., Kulkarni, S. A., Rao, S., & Naik, N. M. (2025). Metabolic Profiling of Plant Growth Promoting Microorganisms (PGPMs) from Chickpea Rhizosphere and Their Antagonistic Activity against Dry Root Rot Pathogen Rhizoctonia bataticola. Legume Research-An International Journal, 1, 7.","doi10.18805/LR-4976","Disease management"
"250","Dell’Olmo, E., Tripodi, P., Zaccardelli, M., & Sigillo, L. (2022). Occurrence of Macrophomina phaseolina on chickpea in Italy: Pathogen identification and characterization. Pathogens, 11(8), 842.","https://doi.org/10.3390/pathogens11080842","Pathogen biology"
"251","Razzakova, N., Bababekov, K., Gulmurodov, R., & Rakhmonov, J. (2024). Fungal diseases of chickpeas in irrigated and rainfall areas of Uzbekistan and their control measures. In E3S Web of Conferences (Vol. 563, p. 03005). EDP Sciences.","https://doi.org/10.1051/e3sconf/202456303005","Disease biology"
"252","Mishra, M., Gohel, N., & Patel, N. B. Isolation and Characterization of Fungal Endophytes Associated with Medicinal Plants and Evaluating Their Antagonistic and Plant Growth Promoting Ability in Dry Root Rot Infected Chickpea Plants.","https://dx.doi.org/10.2139/ssrn.4995608","Disease management"
"253","Zian, A. H., El-Blasy, S. A., El-Gendy, H. M., & El-Sayed, S. A. (2023). Plant defense activation and down-regulation root rot and wilt in chickpea diseases by some abiotic substances. In E3S Web of Conferences (Vol. 462, p. 02014). EDP Sciences.","https://doi.org/10.1051/e3sconf/202346202014","Molecular basis of resistance"
"254","Kshirsagar, R. B. (2022). Study on dry root rot of chickpea incited by rhizoctonia bataticola (Taub.) butler (Doctoral dissertation, Vasantrao Naik Marathwada Krishi Vidyapeeth, Parbhani).","https://krishikosh.egranth.ac.in/handle/1/5810195389","Pathogen diversity"
"255","Sharma, S., & Sharma, M. (2023). Development of trait-specific genetic stocks derived from wild Cicer species as novel sources of resistance to important diseases for chickpea improvement. Plant Genetic Resources, 21(6), 520-526.","doi:10.1017/S1479262123001004","Resistance screening"
"256","Bipin, Y. (2022). Studies on management of dry root rot of chickpea caused by Rhizoctonia bataticola (Taub.) Butler (Doctoral dissertation, SARDARVALLABHBHAIPATEL UNIVERSITYOF AGRICULTURE & TECHNOLOGY).","https://krishikosh.egranth.ac.in/handle/1/5810217739","Disease management"
"257","Nitnavare, R. B., Pothana, A., Yeshvekar, R. K., Bhattacharya, J., Sapara, V., Reddy, P. S., ... & Bhatnagar-Mathur, P. (2023). Chickpea defensin gene family: promising candidates for resistance against soil-borne chickpea fungal pathogens. Journal of Plant Growth Regulation, 42(10), 6244-6260.","https://doi.org/10.1007/s00344-022-10811-1","Molecular basis of resistance"
"258","Manikandan, A., Jaivel, N., Johnson, I., Krishnamoorthy, R., Senthilkumar, M., Raghu, R., & Anandham, R. (2022). Suppression of Macrophomina root rot, Fusarium wilt and growth promotion of some pulses by antagonistic rhizobacteria. Physiological and Molecular Plant Pathology, 121, 101876.","https://doi.org/10.1016/j.pmpp.2022.101876","Disease management"
"259","Elmerich, C., Pandey, A. K., Vemula, A., Rathore, A., & Nair, R. M. (2022). Blackgram–macrophomina phaseolina interactions and identification of novel sources of resistance. Plant Disease, 106(11), 2911-2919.","https://doi.org/10.1094/PDIS-11-21-2588-RE","Pathogen diversity"
"260","Acharya, K.R., Chilakala, A.R., Senthil-Kumar, M. (2026). Extracellular Acidification Assay to Evaluate the Effectiveness of Antifungal Agents on the Pathogenicity of Macrophomina phaseolina. In: Senthil-Kumar, M., Ramanna, H. (eds) Plant Biotic Stress. Methods in Molecular Biology, vol 2966. Humana, New York, NY.","https://doi.org/10.1007/978-1-0716-4746-2_13","Protocol"
"261","Medicago truncatula ecotypes A17 and R108 show
variations in jasmonic acid/ethylene induced
resistance to Macrophomina phaseolina","https://www.tandfonline.com/doi/pdf/10.1080/07060661.2012.662176","Pathogen identification"
