"Treatments","Growth_stages","Salicylic_acid","Jasmonic_acid","Abscisic_acid","Jasmonic_acid_isoleucine","12_oxo_phytodienoic_acid","Indole_acetic_acid","Trans_zeatin","Gibberellic_acid_4","Gibberellic_acid_7","Gibberellic_acid_8","Macrophomina_phaseolina_concentration","Fusarium_oxysporum_concentration","Reference"
"Control","15 Day after sowing","118.061","1717.83","55.6489","237.635","5.63222","1216.91","30.7085","20.3804","2697.2","193.378","0.0000233213","0.0000196513","Chilakala et al. 2023"
"Control","15 Day after sowing","169.449","1754.61","77.4363","267.915","2.42258","1298.89","28.1796","12.581","1947.21","146.989","0.0000779568","0.0000196513","Chilakala et al. 2023"
"Control","15 Day after sowing","135.575","1954.4","93.7068","214.419","24.4207","1266.23","20.7966","16.0928","1533.32","158.959","0.0000533147","0.0000196513","Chilakala et al. 2023"
"Control","15 Day after sowing","120.557","1979.07","75.5059","231.465","11.551","1193.57","31.8986","9.26771","1261.14","125.568","0.0000986446","0.0000196513","Chilakala et al. 2023"
"Control","15 Day after sowing","139.269","1546.99","51.6458","165.913","19.5505","1269.05","21.3801","15.2794","2026.18","93.1798","0","0.0000196513","Chilakala et al. 2023"
"Control","40 Day after sowing","198.4","2028.84","97.486","75.1605","158.181","5.57431","153.335","21.1501","3131.9","214.425","0.00218225","0.0000196513","Chilakala et al. 2023"
"Control","40 Day after sowing","610.297","610.297","610.297","610.297","610.297","8.23841","151.845","30.2473","3070.7","186.326","0.00427675","0.0000196513","Chilakala et al. 2023"
"Control","40 Day after sowing","1023.15","5062.28","45.8811","193.729","392.2","2.40212","79.2253","407.835","835.091","93.4204","0.0036813","0.0000196513","Chilakala et al. 2023"
"Control","40 Day after sowing","929.645","4062.13","48.2501","245.691","228.992","3.04605","90.7029","315.182","1675.81","151.271","0.000124503","0.0000196513","Chilakala et al. 2023"
"Control","40 Day after sowing","1187.31","5341.76","86.8638","223.447","329.419","1.96206","79.1826","213.689","2221.13","104.739","0.00121492","0.0000196513","Chilakala et al. 2023"
"Control","60 Day after sowing","639.43","2689.31","74.3322","113.147","134.956","60.9671","5.87428","149.848","3287.27","228.596","0.0000196513","0.0000196513","Chilakala et al. 2023"
"Control","60 Day after sowing","757.463","3966.13","114.589","130.79","52.0309","52.6347","8.07666","118.316","3575.91","213.8","0.0000196513","0.0000196513","Chilakala et al. 2023"
"Control","60 Day after sowing","557.81","4490.13","167.77","153.16","135.1","72.08","8.05","41.93","5702.31","406.39","0.0000196513","0.0000196513","Chilakala et al. 2023"
"Drought","15 Day after sowing","107.189","112.897","1489.37","15.6042","16.1909","619.064","37.4011","25.767","2854.35","98.6737","0","0.0000196513","Chilakala et al. 2023"
"Drought","15 Day after sowing","118.499","102.564","1437.9","12.1434","89.4961","574.658","32.2043","28.8486","3775.43","110.374","0","0.0000196513","Chilakala et al. 2023"
"Drought","15 Day after sowing","123.012","118.964","1524.1","13.4623","45.2996","625.18","27.3823","23.3229","2816.74","87.8935","0","0.0000196513","Chilakala et al. 2023"
"Drought","15 Day after sowing","117.855","195.941","1460.19","19.6423","37.1785","639.62","30.0169","28.3006","3294.01","95.661","0","0.0000196513","Chilakala et al. 2023"
"Drought","15 Day after sowing","98.5285","340.828","1119.43","37.5202","14.1617","597.677","32.7919","42.7103","5160.96","146.975","0.0000293907","0.0000196513","Chilakala et al. 2023"
"Drought","40 Day after sowing","224.857","3340.07","247.761","240.479","170.432","6.49103","182.471","28.8862","1805.14","124.363","0.00143069","0.0000196513","Chilakala et al. 2023"
"Drought","40 Day after sowing","167.929","3862.23","406.889","332.391","161.407","4.99882","197.453","30.7096","2015.61","136.384","0.000523131","0.0000196513","Chilakala et al. 2023"
"Drought","40 Day after sowing","171.248","148.896","265.749","5.80303","29.1062","3.34478","43.4797","245.556","1333.7","88.7906","100.197","0.0000196513","Chilakala et al. 2023"
"Drought","40 Day after sowing","362.96","272.921","346.525","7.96557","60.4564","2.98295","66.5945","384.891","1589.03","100.06","0.000529268","0.0000196513","Chilakala et al. 2023"
"Drought","40 Day after sowing","595.238","646.214","488.031","11.6598","72.7775","2.81211","24.485","262.936","1843.5","84.2744","0.000237949","0.0000196513","Chilakala et al. 2023"
"Drought","60 Day after sowing","475.096","2458.77","392.281","139.185","54.9725","46.9094","5.16297","164.065","3865.49","177.358","0.0000196513","0.0000196513","Chilakala et al. 2023"
"Drought","60 Day after sowing","528.611","2571.07","388.525","127.886","78.9089","39.7445","6.96365","127.597","2555.05","140.076","0.0000196513","0.0000196513","Chilakala et al. 2023"
"Drought","60 Day after sowing","408.9","1871.55","464.52","83.91","139.87","61.56","8.31","25.56","3646.62","195.99","0.0000196513","0.0000196513","Chilakala et al. 2023"
"Disease complex ","15 Day after sowing","217.614","3233.56","133.808","360.255","7.60655","1484.15","64.131","30.4476","3436.66","214.037","0.00112076","0.133271","Chilakala et al. 2023"
"Disease complex ","15 Day after sowing","662.41","2326.8","128.042","247.031","45.7716","3060.74","41.0914","16.5044","1489.63","196.784","0.0376736","0.138469","Chilakala et al. 2023"
"Disease complex ","15 Day after sowing","1041.26","3675.53","76.2598","382.721","68.617","260.704","11.8787","7.11814","878.783","123.249","0.0244342","0.0599557","Chilakala et al. 2023"
"Disease complex ","15 Day after sowing","609.625","3396.34","95.0069","278.99","546.159","256.076","28.1797","6.24566","692.035","117.395","0.00121907","0.0730806","Chilakala et al. 2023"
"Disease complex ","15 Day after sowing","938.563","4116.61","117.347","357.84","227.512","244.447","9.02118","6.72843","744.58","98.7001","0.00429736","0.0413919","Chilakala et al. 2023"
"Disease complex ","40 Day after sowing","366.934","960.101","59.7229","37.7057","313.296","11.0453","194.072","71.4774","5250.9","205.152","0.0571187","0.277352","Chilakala et al. 2023"
"Disease complex ","40 Day after sowing","797.651","1344.59","61.47","43.638","337.142","12.6055","239.158","63.675","3181.19","126.53","0.0313367","0.195221","Chilakala et al. 2023"
"Disease complex ","40 Day after sowing","2175.22","1566.83","218.485","72.9597","338.47","37.4178","91.546","262.351","2722.32","196.511","0.044592","0.292515","Chilakala et al. 2023"
"Disease complex ","40 Day after sowing","1349.45","645.723","253.213","52.7858","282.686","21.7014","211.789","356.827","2737.81","278.581","0.00511059","0.0399591","Chilakala et al. 2023"
"Disease complex ","40 Day after sowing","2422.12","1039.07","169.545","51.0901","356.532","23.1457","194.075","601.319","2390.78","286.894","0.00770123","0.0791249","Chilakala et al. 2023"
"Disease complex ","60 Day after sowing","3597.67","821.42","104.24","73.6471","291.82","33.1386","2.7562","474.354","7161.36","340.798","0.0136271","0.212399","Chilakala et al. 2023"
"Disease complex ","60 Day after sowing","4624.73","309.511","94.8595","50.5918","263.432","195.289","1039.33","420.509","3856.93","236.638","0.0119585","0.150314","Chilakala et al. 2023"
"Disease complex ","60 Day after sowing","4199.93","721.93","96.92","56.73","155.75","307.09","16.7","32.43","3952.08","347.69","0.01091","0.188191","Chilakala et al. 2023"
"Disease complex + Drought","15 Day after sowing","185.015","342.52","328.784","35.0506","224.613","121.038","9.68078","19.1045","2528.96","92.8955","0.0160559","0.0213302","Chilakala et al. 2023"
"Disease complex + Drought","15 Day after sowing","532.302","2749.86","582.641","266.448","446.105","266.037","20.71","20.0036","2626.66","81.6813","0.0185437","0.118123","Chilakala et al. 2023"
"Disease complex + Drought","15 Day after sowing","228.789","3389.83","557.701","428.056","215.9","158.454","14.1509","17.3235","2332.36","109.4","0.0115573","0.0260628","Chilakala et al. 2023"
"Disease complex + Drought","15 Day after sowing","757.029","1146.8","550.212","110.727","540.737","145.731","8.92615","19.6242","2679.9","104.927","0.0119983","0.136025","Chilakala et al. 2023"
"Disease complex + Drought","15 Day after sowing","187.784","3333.33","556.271","563.425","66.365","129.937","8.38207","21.1096","2834.72","122.271","0.0181763","0.0109672","Chilakala et al. 2023"
"Disease complex + Drought","40 Day after sowing","924.373","278.649","202.707","14.821","240.832","14.5754","133.574","52.2876","3867","144.716","0.0227736","1.50379","Chilakala et al. 2023"
"Disease complex + Drought","40 Day after sowing","394.393","300.152","271.78","10.0113","226.466","10.6654","216.891","67.7829","4724.41","139.93","0.023807","2.11371","Chilakala et al. 2023"
"Disease complex + Drought","40 Day after sowing","4409.96","1063.4","294.931","42.0151","184.196","7.28947","70.4262","255.011","2603.29","124.846","0.0346359","2.02259","Chilakala et al. 2023"
"Disease complex + Drought","40 Day after sowing","3235.71","431.763","212.418","23.2057","203.804","9.50918","124.764","626.35","3568.92","156.971","0.00233206","0.372854","Chilakala et al. 2023"
"Disease complex + Drought","40 Day after sowing","4658.53","330.551","241.874","29.5637","95.2863","6.43934","60.7515","251.999","3422.82","355.18","0.00278408","0.336344","Chilakala et al. 2023"
"Disease complex + Drought","60 Day after sowing","3494.48","1249.82","331.987","54.0223","190.85","63.4423","15.1684","235.669","3320.48","180.157","0.00519873","0.374417","Chilakala et al. 2023"
"Disease complex + Drought","60 Day after sowing","7160.55","662.826","292.58","35.0598","181.694","100.658","11.1138","407.624","6229.15","248.213","0.00632912","0.803298","Chilakala et al. 2023"
"Disease complex + Drought","60 Day after sowing","4730.93","599.25","256.96","32.98","128.84","198.11","11.27","24.46","3166.68","170.69","0.0117158","0.515179","Chilakala et al. 2023"
"Dry root rot","15 Day after sowing","400.359","1674.64","519.126","102.579","30.9011","1119.86","26.9865","30.1653","1288.53","227.413","0.00862899","0.0000196513","Chilakala et al. 2023"
"Dry root rot","15 Day after sowing","213.142","1065.84","184.72","61.6449","4.52696","995.155","30.0106","30.2856","4338.38","271.548","0.00405496","0.0000196513","Chilakala et al. 2023"
"Dry root rot","15 Day after sowing","348.124","3240.13","209.37","252.583","156.811","1283.96","58.3851","19.8984","1887.06","131.609","0.00117531","0.0000196513","Chilakala et al. 2023"
"Dry root rot","15 Day after sowing","351.269","3721.09","206.486","251.899","40.8505","943.911","22.3827","11.95","1755.34","131.222","0.0227834","0.0000196513","Chilakala et al. 2023"
"Dry root rot","15 Day after sowing","133.547","2206.1","192.069","139.235","56.12","985.752","14.7407","9.66938","1123.06","101.478","0.00454768","0.0000196513","Chilakala et al. 2023"
"Dry root rot","40 Day after sowing","377.275","1029.21","53.9598","56.6669","166.525","7.88234","319.425","35.3415","2193.5","147.256","0.0575904","0.0000196513","Chilakala et al. 2023"
"Dry root rot","40 Day after sowing","497.11","1320.58","60.0891","51.083","129.978","6.68592","281.737","35.3216","1655.89","135.593","0.0415878","0.0000196513","Chilakala et al. 2023"
"Dry root rot","40 Day after sowing","736.077","1491.91","48.2404","86.3137","148.065","3.99042","67.8119","601.239","2792.09","93.998","0.0341929","0.0000196513","Chilakala et al. 2023"
"Dry root rot","40 Day after sowing","1543.56","3704.96","121.799","223.885","237.692","15.8083","68.0334","586.251","2387.08","108.471","0.011488","0.0000196513","Chilakala et al. 2023"
"Dry root rot","40 Day after sowing","1423.7","4036.08","100.216","227.945","316.739","995.323","995.323","484.049","2141.6","119.102","0.00833393","0.0000196513","Chilakala et al. 2023"
"Dry root rot","60 Day after sowing","1262.88","3171.51","40.6349","228.469","237.863","88.0682","4.49466","502.525","5411.8","216.472","0.0680368","0.0000196513","Chilakala et al. 2023"
"Dry root rot","60 Day after sowing","1369.32","4073.26","51.3574","251.183","194.095","73.4953","5.2292","407.391","4876.45","152.854","0.0534195","0.0000196513","Chilakala et al. 2023"
"Dry root rot","60 Day after sowing","926.42","4044.81","54.36","190.21","178.93","99.37","4.75","35.63","5149.33","255.44","0.0701353","0.0000196513","Chilakala et al. 2023"
"Dry root rot + Drought","15 Day after sowing","172.979","3214.68","346.255","440.054","42.8327","719.755","32.0965","8.77264","1138.83","81.4889","0.0245339","0.0000196513","Chilakala et al. 2023"
"Dry root rot + Drought","15 Day after sowing","153.1","3090.52","364.473","420.606","26.3196","166.967","9.03595","12.8286","1418.48","130.287","0.0515666","0.0000196513","Chilakala et al. 2023"
"Dry root rot + Drought","15 Day after sowing","125.399","2721.56","267.684","405.046","15.839","174.668","8.63961","10.8738","1248.13","97.0767","0.00226011","0.0000196513","Chilakala et al. 2023"
"Dry root rot + Drought","15 Day after sowing","148.098","3614.77","477.861","384.533","24.0638","259.717","5.57713","10.8073","1460.1","86.9766","0.00873682","0.0000196513","Chilakala et al. 2023"
"Dry root rot + Drought","15 Day after sowing","156.368","3069.23","602.545","346.266","25.2698","250.823","6.92054","10.2592","1372.2","78.5962","0.00385321","0.0000196513","Chilakala et al. 2023"
"Dry root rot + Drought","40 Day after sowing","1626.02","983.272","157.764","36.1956","167.922","1.71359","51.955","531.213","1100.46","47.2549","0.075812","0.0000196513","Chilakala et al. 2023"
"Dry root rot + Drought","40 Day after sowing","875.372","896.562","91.9805","12.8204","145.994","2.88244","47.9795","591.844","1241.6","58.7427","0.0900964","0.0000196513","Chilakala et al. 2023"
"Dry root rot + Drought","40 Day after sowing","1706.17","733.109","97.3675","21.4547","266.825","1.76419","34.4042","516.858","1352.26","50.9618","0.10222","0.0000196513","Chilakala et al. 2023"
"Dry root rot + Drought","40 Day after sowing","822.134","777.058","126.122","39.3108","237.434","1.35633","60.2542","764.993","1882.17","96.4281","0.0303667","0.0000196513","Chilakala et al. 2023"
"Dry root rot + Drought","40 Day after sowing","2062.57","2166.75","170.604","23.9585","365.22","2.07495","49.6054","404.168","1432.79","85.6406","0.0614709","0.0000196513","Chilakala et al. 2023"
"Dry root rot + Drought","60 Day after sowing","1155.73","2718.72","246.839","166.069","245.06","41.6755","4.58233","436.668","3598.94","182.372","0.048176","0.0000196513","Chilakala et al. 2023"
"Dry root rot + Drought","60 Day after sowing","1228.46","3232.44","262.674","122.1","401.096","236.625","19.4135","503.949","3688.09","148.699","0.0554851","0.0000196513","Chilakala et al. 2023"
"Dry root rot + Drought","60 Day after sowing","1150.06","1619.04","256.87","91.95","91.85","54.17","5.01","27.47","3977.85","191.07","0.220475","0.0000196513","Chilakala et al. 2023"
