"Sr. no.","Bioproject ID","Experiment ID","Host Genotype","Accession","Location","Stress treatment","Library","Run Accession","Sample type","SRA link"
"1","PRJNA871091","SRX17147182","Chickpea (Cicer arietinum)","JG 62 (Desi)","Dharwad, Karnataka, India","Combined stress (Disease complex + Drought)","Paired","SRR21134824","Rhizosphere metagenome","https://trace.ncbi.nlm.nih.gov/Traces/?run=SRR21134824"
"2","PRJNA871091","SRX17147181","Chickpea (Cicer arietinum)","JG 62 (Desi)","Dharwad, Karnataka, India","Combined stress (Disease complex + Drought)","Paired","SRR21134825","Rhizosphere metagenome","https://trace.ncbi.nlm.nih.gov/Traces/?run=SRR21134825"
"3","PRJNA871091","SRX17147180","Chickpea (Cicer arietinum)","JG 62 (Desi)","Dharwad, Karnataka, India","Combined stress (Disease complex + Drought)","Paired","SRR21134826","Rhizosphere metagenome","https://trace.ncbi.nlm.nih.gov/Traces/?run=SRR21134826"
"4","PRJNA871091","SRX17147179","Chickpea (Cicer arietinum)","JG 62 (Desi)","Dharwad, Karnataka, India","Pathogen stress","Paired","SRR21134827","Rhizosphere metagenome","https://trace.ncbi.nlm.nih.gov/Traces/?run=SRR21134827"
"5","PRJNA871091","SRX17147178","Chickpea (Cicer arietinum)","JG 62 (Desi)","Dharwad, Karnataka, India","Pathogen stress","Paired","SRR21134828","Rhizosphere metagenome","https://trace.ncbi.nlm.nih.gov/Traces/?run=SRR21134828"
"6","PRJNA871091","SRX17147177","Chickpea (Cicer arietinum)","JG 62 (Desi)","Dharwad, Karnataka, India","Pathogen stress","Paired","SRR21134829","Rhizosphere metagenome","https://trace.ncbi.nlm.nih.gov/Traces/?run=SRR21134829"
"7","PRJNA871091","SRX17147176","Chickpea (Cicer arietinum)","JG 62 (Desi)","Dharwad, Karnataka, India","Control","Paired","SRR21134830","Rhizosphere metagenome","https://trace.ncbi.nlm.nih.gov/Traces/?run=SRR21134830"
"8","PRJNA871091","SRX17147175","Chickpea (Cicer arietinum)","JG 62 (Desi)","Dharwad, Karnataka, India","Control","Paired","SRR21134831","Rhizosphere metagenome","https://trace.ncbi.nlm.nih.gov/Traces/?run=SRR21134831"
"9","PRJNA871091","SRX17147174","Chickpea (Cicer arietinum)","JG 62 (Desi)","Dharwad, Karnataka, India","Control","Paired","SRR21134832","Rhizosphere metagenome","https://trace.ncbi.nlm.nih.gov/Traces/?run=SRR21134832"
