"S. No","NCBI ID","Database","Isolate","Strain","SRA ID","Geographic location","Collection date","Collected by","Source"
"1","SAMN45853423","BioSample","Macrophomina phaseolina","SKMPt78","SRS23551103","India, Rajasthan, Jaipur","2023-02-13 00:00:00","National Institute of Plant Genome Research, New Delhi","Chickpea root"
"2","SAMN45853422","BioSample","Macrophomina phaseolina","SKMPt79","SRS23551102","India, Karnataka, Chikkaballapur","2023-02-13 00:00:00","National Institute of Plant Genome Research, New Delhi","Chickpea root"
"3","SAMN45853421","BioSample","Macrophomina phaseolina","SKMPt62","SRS23551101","India, Karnataka, Dharwad","2020-06-16 00:00:00","National Institute of Plant Genome Research, New Delhi","Chickpea root"
"4","SAMN45853420","BioSample","Macrophomina phaseolina","SKMPt48","SRS23551100","India, Andhra Pradesh, Kamalapuram","2020-06-16 00:00:00","National Institute of Plant Genome Research, New Delhi","Chickpea root"
"5","SAMN45853419","BioSample","Macrophomina phaseolina","SKMPt69","SRS23551099","India, Maharashtra, Akola","2023-02-13 00:00:00","National Institute of Plant Genome Research, New Delhi","Chickpea root"
"6","SAMN34104890","BioSample","Macrophomina phaseolina","BRIP 68057 a","SRS17331221","Australia: Queensland, Theodore","2007","Apollo Gomez","cell culture"
"7","SAMN34104606","BioSample","Macrophomina phaseolina","GB-MP-2A (""BL-MS"")","SRS17331417","USA, California, Fresno County","2018","Lynn Epstein","cell culture"
"8","SAMN34104607","BioSample","Macrophomina phaseolina","GB-MP-3 (""Brown MS"")","SRS17331426","USA, California, Fresno County","2019","Lynn Epstein","cell culture"
"9","SAMN34104868","BioSample","Macrophomina phaseolina","BRIP 55159 a","SRS17331443","Australia: New South Wales, Croppa Creek","1995","M. J. Fuhlbohm","cell culture"
"10","SAMN34104865","BioSample","Macrophomina phaseolina","BRIP 54886 b","SRS17331439","Australia: Queensland, Cecil Plains","2011","S. M. Thompson","cell culture"
"11","SAMN34104745","BioSample","Macrophomina phaseolina","170","SRS17331285","USA: California, Imperial County","2014","NA","Roots"
"12","SAMN34104809","BioSample","Macrophomina phaseolina","TOR-959","SRS17331196","Spain","2021","NA","Roots"
"13","MH509971.1","Nucleotide","Macrophomina phaseolina","NIPGR SKM_107","NA","India, Delhi, New Delhi","2017-03-30 00:00:00","Vadivelmurugan Irulappan","Chickpea root"
"14","OM674343.1","Nucleotide","Macrophomina phaseolina","MP21_Anantpur","NA","India, Andhra Pradesh, Konakondla","2020-06-16 00:00:00","National Institute of Plant Genome Research, New Delhi","Chickpea root"
"15","OM674342.1","Nucleotide","Macrophomina phaseolina","MP19_Kadapa","NA","India, Andhra Pradesh, Chinnacheppali","2020-06-16 00:00:00","National Institute of Plant Genome Research, New Delhi","Chickpea root"
"16","OM674341.1","Nucleotide","Macrophomina phaseolina","MP18_Yadgir","NA","India, Bheemarayana Gudi, Karnataka","2021-07-29 00:00:00","National Institute of Plant Genome Research, New Delhi","Chickpea root"
"17","OM674340.1","Nucleotide","Macrophomina phaseolina","MP17_Guntur","NA","India, Tadikonda, Andhra Pradesh","2021-07-29 00:00:00","National Institute of Plant Genome Research, New Delhi","Chickpea root"
"18","OM674339.1","Nucleotide","Macrophomina phaseolina","MP16_Bapatla","NA","India, Cherukuru, Andhra Pradesh","2021-07-29 00:00:00","National Institute of Plant Genome Research, New Delhi","Chickpea root"
"19","OM674338.1","Nucleotide","Macrophomina phaseolina","MP15_Raipur","NA","India, Purena, Chhattisgarh","2020-04-20 00:00:00","National Institute of Plant Genome Research, New Delhi","Chickpea root"
"20","OM674337.1","Nucleotide","Macrophomina phaseolina","MP14_Dharwad","NA","India, Kamalapur, Karnataka","2021-07-29 00:00:00","National Institute of Plant Genome Research, New Delhi","Chickpea root"
"21","OM674336.1","Nucleotide","Macrophomina phaseolina","MP13_Guntur2","NA","India, Lam, Andhra Pradesh","2021-07-29 00:00:00","National Institute of Plant Genome Research, New Delhi","Chickpea root"
"22","OM674335.1","Nucleotide","Macrophomina phaseolina","MP10_Akola","NA","India, Akola, Maharashtra","2021-07-29 00:00:00","National Institute of Plant Genome Research, New Delhi","Chickpea root"
"23","OM674334.1","Nucleotide","Macrophomina phaseolina","MP7_Bangalore1","NA","India, Bengaluru, Karnataka","2021-07-29 00:00:00","National Institute of Plant Genome Research, New Delhi","Chickpea root"
"24","OM674333.1","Nucleotide","Macrophomina phaseolina","MP3_Guntur1","NA","India, Ananthavarappadu, Andhra Pradesh","2021-07-29 00:00:00","National Institute of Plant Genome Research, New Delhi","Chickpea root"
"25","OM674332.1","Nucleotide","Macrophomina phaseolina","Mp2_Meerut1","NA","India, Machhri, Uttar Pradesh","2020-06-16 00:00:00","National Institute of Plant Genome Research, New Delhi","Chickpea root"
"26","OM674331.1","Nucleotide","Macrophomina phaseolina","Mp1_Dharwad","NA","India, Dharwad, Karnataka","2020-04-14 00:00:00","National Institute of Plant Genome Research, New Delhi","Chickpea root"
"27","PX112668.1","Nucleotide","Macrophomina phaseolina","Mp-021 ","NA","India: Tamil Nadu, Coimbatore","2025-02-16 00:00:00","Tamil Nadu Agricultural University, lawley road, coimbatore, tamil nadu 641003, India","Chickpea root"
"28","NA","Mineral oil stock 
","Macrophomina phaseolina
","SKMPt65
","NA","Ramana Palam, Andhra Pradesh
","2024-02-13 00:00:00
","National Institute of Plant Genome Research, New Delhi","Chickpea root"
"29",NULL,"Mineral oil stock ","Macrophomina phaseolina","SKMPt66",NULL,"Hebbal, Karnataka, India ","2024-02-13","National Institute of Plant Genome Research, New Delhi","Chickpea Root"
"30",NULL,"Mineral oil stock ","Macrophomina phaseolina","SKMPt67",NULL,"India, Andhra Pradesh, Tadikonda","2024-02-13","National Institute of Plant Genome Research, New Delhi","Chickpea Root"
"31",NULL,"Mineral oil stock ","Macrophomina phaseolina","SKMPt68",NULL,"GKVK Banglore , Karnataka , India ","2024-02-13","National Institute of Plant Genome Research, New Delhi","Chickpea Root"
"32",NULL,"Mineral oil stock ","Macrophomina phaseolina","SKMPt69",NULL,"IGKV, Chattishgarh, India","2024-02-13","National Institute of Plant Genome Research, New Delhi","Chickpea Root"
"33",NULL,"Mineral oil stock ","Macrophomina phaseolina","SKMPt70",NULL,"Meerut, Uttar Pradesh, India","2024-02-13","National Institute of Plant Genome Research, New Delhi","Chickpea Root"
"34",NULL,"Mineral oil stock ","Macrophomina phaseolina","SKMPt71",NULL," Lam, Andhra pradesh, India","2024-02-13","National Institute of Plant Genome Research, New Delhi","Chickpea Root"
"35",NULL,"Mineral oil stock ","Macrophomina phaseolina","SKMPt72",NULL,"India, Karnataka, Kamalapur","2024-02-13","National Institute of Plant Genome Research, New Delhi","Chickpea Root"
"36",NULL,"Mineral oil stock ","Macrophomina phaseolina","SKMPt73",NULL,"Amina Bhavi, Karnataka , India","2024-02-13","National Institute of Plant Genome Research, New Delhi","Chickpea Root"
"37",NULL,"Mineral oil stock ","Macrophomina phaseolina","SKMPt74",NULL,"India, Karnataka, Bheemrayana Gudi","2024-02-13","National Institute of Plant Genome Research, New Delhi","Chickpea Root"
"38",NULL,"Mineral oil stock ","Macrophomina phaseolina","SKMPt75",NULL,"India, Maharastra, Akola","2024-02-13","National Institute of Plant Genome Research, New Delhi","Chickpea Root"
"39",NULL,"Mineral oil stock ","Macrophomina phaseolina","SKMPt76",NULL,"India, Karnataka, Chikkaballapur Collar","2024-02-13","National Institute of Plant Genome Research, New Delhi","Chickpea Root"
"40",NULL,"Mineral oil stock ","Macrophomina phaseolina","SKMPt77",NULL,"TNAU, Coimbatore, Tamil Naidu ","2024-02-13","National Institute of Plant Genome Research, New Delhi","Chickpea Root"
"41",NULL,"Mineral oil stock ","Macrophomina phaseolina","SKMPt78",NULL,"Jaipur, Rajasthan, India ","2024-02-13","National Institute of Plant Genome Research, New Delhi","Chickpea Root"
"42",NULL,"Mineral oil stock ","Macrophomina phaseolina","SKMPt79",NULL,"India, Karnataka, Chikkaballapur ","2024-02-13","National Institute of Plant Genome Research, New Delhi","Chickpea Shoot"
"43",NULL,"Mineral oil stock ","Macrophomina phaseolina","SKMPt80",NULL,"India, Karnataka, Chikkaballapur ","2024-02-13","National Institute of Plant Genome Research, New Delhi","Chickpea Root"
"44",NULL,"Mineral oil stock ","Macrophomina phaseolina","SKMPt81",NULL,"Durgapura, Rajasthan, India ","2024-02-13","National Institute of Plant Genome Research, New Delhi","Chickpea Root"
"45",NULL,"PDB","Rhizoctonia bataticola","SKMPt46",NULL,"Location 2 SVPUAT 29.0871 77.697 Meerut","2022-07-20","National Institute of Plant Genome Research, New Delhi","Chickpea Root"
"46",NULL,"PDB","Rhizoctonia bataticola","SKMPt48",NULL,"Location 4 Kadappa Field 4 14.545294 78.593204 Kamalapuram","2020-06-16","National Institute of Plant Genome Research, New Delhi","Chickpea Root"
"47",NULL,"PDB","Rhizoctonia bataticola","SKMPt49",NULL,"Location 4 Kadappa Field 5 14.538757 78.567917 Chinna Chepali","2020-06-17","National Institute of Plant Genome Research, New Delhi","Chickpea Root"
"48",NULL,"PDB","Rhizoctonia bataticola","SKMPt53",NULL,"Location 5 Anantapur 15.12121 77.353083 Guntakal","2020-06-18","National Institute of Plant Genome Research, New Delhi","Chickpea Root"
"49",NULL,"PDB","Rhizoctonia bataticola","SKMPt59",NULL,"Location 6 Kurnool 15.211794 77.289854 Yerur","2020-06-19","National Institute of Plant Genome Research, New Delhi","Chickpea Root"
"50",NULL,"PDB","Rhizoctonia bataticola","SKMPt60",NULL,"Location 6 Kurnool 15.114348 78.461722 Kondu palle","2020-06-20","National Institute of Plant Genome Research, New Delhi","Chickpea Root"
"51",NULL,"PDB","Macrophomina phaseolina","SKMPt82",NULL,"IARI , Dharwad, Karnataka , India ","2022-07-20","National Institute of Plant Genome Research, New Delhi","Chickpea Root"
"52",NULL,"PDB","Macrophomina phaseolina","SKMPt83",NULL,"Andhra Pradesh, India",NULL,"National Institute of Plant Genome Research, New Delhi","Chickpea Root"
"53",NULL,"PDB","Macrophomina phaseolina","SKMPt84",NULL,"Vatticherukuru, Andhra Pradesh","2022-04-21","National Institute of Plant Genome Research, New Delhi","Chickpea Root"
